序号,品牌,判定,价格虚高风险,原因,数据来源
1,bioagen,存疑,低,"宣称日本但缺乏母国零售/媒体佐证,疑似贴牌",已联网核验
2,闻绮（Venchi）,真洋牌,低-中,"百科/媒体报道充分,母国渊源真实",已联网核验
3,OHBT,假洋牌,极高,"商标注册人为中国人,宣称American brand,实为深圳公司",已联网核验
4,格兰凯恩（GLENCAIRN）,真洋牌,低-中,"苏格兰水晶世家,威士忌协会认证,海外渊源真实",已联网核验
5,karivita,真洋牌,低-中,"母国实体+政府许可,海外背景真实",已联网核验
6,ARGAN SECRET,存疑,低,"海外零售存在但注册主体不明,需查商标",已联网核验
7,RE JU LAB,真洋牌,低-中,"韩国药剂师创立的药妆品牌,母国知名度真实",已联网核验
8,"Dr.Forster,RHYMBA HILLS",真洋牌(多品牌组合),低-中,RHYMBA HILLS确为马来西亚真品牌;数据为多品牌混合需拆分,已联网核验
9,藏（KURA）,真洋牌,低-中,"日本品牌,母国渊源真实",已联网核验
10,ETIAXIL,真洋牌,低-中,"法国药房止汗剂领导品牌,母国渊源真实",已联网核验
11,POLYPURE EX,真洋牌,低-中,"日本生发产品,母国生产,海外背景真实",已联网核验
12,TRIDERMA MD,真洋牌,低-中,"美国女性创立护肤品牌,母国实体真实",已联网核验
13,Healthy Care,真洋牌,低-中,"母国生产认证+实体,海外背景真实",已联网核验
14,ORFEU,真洋牌,低-中,"巴西精品咖啡,Cup of Excellence获奖,母国真实",已联网核验
15,Timberwolf,真洋牌,低-中,"英美均有实体制造,海外背景真实",已联网核验
16,SAWYER,真洋牌,低-中,"美国户外驱虫品牌,母国实体真实",已联网核验
17,GOCCO,真洋牌,低-中,"西班牙童装,15国190店,母国真实",已联网核验
18,DERMEDIC,真洋牌,低-中,"波兰药妆,母国生产,海外背景真实",已联网核验
19,SUNTA,存疑,低,"存在深圳公司,品牌归属不清,需核实具体主体",已联网核验
20,A CASALBERT SINCE 1959,真洋牌,低-中,"西班牙橄榄油家族企业,母国真实",已联网核验
21,NACJOM,存疑,低,"全网无母国渊源信息,需查商标",已联网核验
22,EasPowest,疑似假洋牌,高,"跨充电线/内衣/彩妆/抹布等无关品类,典型贴牌铺货特征",已联网核验
23,犀補灵,存疑,低,"港资团队,非真正海外血统,借港概念",已联网核验
24,etre su,存疑,低,"无母国渊源信息,法语风格名,疑似贴牌",已联网核验
25,"Nature's Truth,Hydrodol",待核验(多品牌组合),待核验,"多品牌拼接,需拆分核实",规则推断·未核验
26,DR.WOSSEN,疑似假洋牌,高,"无母国渊源,仅港贸易公司,Dr.前缀仿药妆,疑似贴牌",已联网核验
27,Svecymikov,疑似假洋牌,高,"斯拉夫风格生造名,无任何母国footprint,高度疑似",已联网核验
28,BLANCO,真洋牌,低-中,"德国水槽百年品牌,母国真实",已联网核验
29,BIOBLAS,真洋牌,低-中,"土耳其洗发水品牌,母国生产,真实",已联网核验
30,"TOMMY TRUCKER,KLWP",存疑,低,"多品牌组合,主品牌查无母国信息,需核实",已联网核验
31,Beyoğlu Chocolate,真洋牌,低-中,"土耳其巧克力,母国渊源真实",已联网核验
32,Hoxuntu,疑似假洋牌,高,"生造名,无母国footprint,高度疑似",已联网核验
33,三丽鸥（SANRIO）,真洋牌,低-中,"日本Hello Kitty母公司,母国真实",已联网核验
34,"CKQ,SilkCarda",存疑,低,"多品牌组合,主体不明,需核实",已联网核验
35,RUVWOZS,疑似假洋牌,高,"无元音随机字母名,无母国footprint,高度疑似",已联网核验
36,AUINONE,疑似假洋牌,高,"澳洲新注册PTY,中式营销名""1.88M"",典型海外空壳套牌",已联网核验
37,OMIE,真洋牌,低-中,"美国母婴餐盒品牌,母国实体真实(中国代工)",已联网核验
38,莱家（LOACKER）,真洋牌,低-中,"意大利威化百年品牌,母国真实",已联网核验
39,SPRING SHEEP,真洋牌,低-中,"新西兰羊奶,母国农场+工厂,真实",已联网核验
40,丝塔芙,真洋牌,低-中,"国际知名医学护肤,母国真实",已联网核验
41,吉百利（Cadbury）,真洋牌,低-中,"英国百年巧克力,母国真实",已联网核验
42,水晶番茄（CRYSTAL TOMATO）,真洋牌,低-中,"新加坡美白品牌,全球3000+诊所,真实",已联网核验
43,RESONAC,真洋牌,低-中,"日本化工巨头,母国真实",已联网核验
44,LISM,存疑,低,"宣称日系但缺母国实体佐证,需核实",已联网核验
45,Skin Technology,存疑,低,"通用名,多家同名,需确认具体主体",已联网核验
46,Nestle,真洋牌,低-中,"瑞士食品巨头,母国真实",已联网核验
47,潇洒（SELSUN）,真洋牌,低-中,"国际去屑品牌,母国真实",已联网核验
48,"菊正宗,鸟海誉",待核验(多品牌组合),待核验,"多品牌拼接,需拆分核实",规则推断·未核验
49,BIOXCIN,真洋牌,低-中,"土耳其防脱发市场领导,母国真实",已联网核验
50,CIGGI,存疑,低,"无母国footprint,需核实",已联网核验
51,Tillagello,疑似假洋牌,高,"意式风格生造名,无母国footprint,高度疑似",已联网核验
52,"美香,LOTUS RICE Flavour of Vietnam",真洋牌,低-中,"越南湄公河大米品牌,出口60国,母国真实",已联网核验
53,GINSSEN,疑似假洋牌,高,"仿ginseng生造名,无母国footprint,高度疑似",已联网核验
54,MAGIOPY,疑似假洋牌,高,"商标注册人为华人,生造名,典型套牌",已联网核验
55,CHARM野性魅力,待核验(中英混合),待核验,"中英混合,通常为真品牌,需逐个搜索",规则推断·未核验
56,"羅刹海,梅竹籣",待核验(多品牌组合),待核验,"多品牌拼接,需拆分核实",规则推断·未核验
57,"贺寿利（Healtheries）,Diploma",待核验(多品牌组合),待核验,"多品牌拼接,需拆分核实",规则推断·未核验
58,AYMDLY,疑似假洋牌,高,"查无母国信息,疑似数据错误或假洋牌",已联网核验
59,FREE EYES,待核验(英文名),待核验,"英文名,需联网核验",规则推断·未核验
60,LITTLE GIANT,真洋牌,低-中,"美国老牌制造,母国真实",已联网核验
61,"斯高堡SKOTTSBERG,格兰凯恩（GLENCAIRN）",待核验(多品牌组合),待核验,"多品牌拼接,需拆分核实",规则推断·未核验
62,ONEDEW,待核验(英文名),待核验,"英文名,需联网核验",规则推断·未核验
63,beaf,待核验(英文名),待核验,"英文名,需联网核验",规则推断·未核验
64,CMD Naturkosmetik,待核验(英文名),待核验,"英文名,需联网核验",规则推断·未核验
65,Aki Lab,存疑,低,"多家同名品牌,需确认具体主体",已联网核验
66,雾湾（MISTY COVE）,待核验(中英混合),待核验,"中英混合,通常为真品牌,需逐个搜索",规则推断·未核验
67,Caotina,真洋牌,低-中,"瑞士巧克力饮品,母国真实",已联网核验
68,GINGKE,疑似假洋牌,高,"中国保健品用洋化名,无海外母国背景",已联网核验
69,VITALIFE,真洋牌,低-中,"澳洲保健品集团品牌,母国真实(同名多家需注意)",已联网核验
70,WHITTARD,待核验(英文名),待核验,"英文名,需联网核验",规则推断·未核验
71,惠康,真洋牌,低-中,"香港老牌超市,非伪洋,港资真实",已联网核验
72,Little Remedies,真洋牌,低-中,"美国母婴护理品牌,母国真实",已联网核验
73,轩尼诗Hennessy,待核验(中英混合),待核验,"中英混合,通常为真品牌,需逐个搜索",规则推断·未核验
74,BLUE LAKE MILLING,真洋牌,低-中,"澳洲燕麦谷物厂,母国真实",已联网核验
75,BRAHMAPRATHAN,待核验(英文名),待核验,"英文名,需联网核验",规则推断·未核验
76,Crusty's,真洋牌,低-中,"新加坡创新零食品牌,母国真实",已联网核验
77,"田岛硝子,格兰凯恩（GLENCAIRN）",待核验(多品牌组合),待核验,"多品牌拼接,需拆分核实",规则推断·未核验
78,BOWO,待核验(英文名),待核验,"英文名,需联网核验",规则推断·未核验
79,Restorex,真洋牌,低-中,"美国医疗器械,母国真实",已联网核验
80,Durrell,存疑,低,"同名多,需确认具体商品主体",已联网核验
81,BENOSTAN NATURE'S TREATMENT,待核验(英文名),待核验,"英文名,需联网核验",规则推断·未核验
82,MALORY,真洋牌,低-中,"澳洲品牌,母国真实(同名多家需注意)",已联网核验
83,"GABRIEL-GLAS,SAINT-LOUIS",真洋牌,低-中,"奥地利水晶酒杯,母国真实",已联网核验
84,MeeSend,疑似假洋牌,高,"查无母国背景,需查商标",已联网核验
85,老瑤薑,非假洋牌(国产),极低,"纯中文品牌,不属假洋牌范畴",已联网核验
86,FVRYD,疑似假洋牌,高,"无元音生造名,查无母国背景,高度疑似",已联网核验
87,奥纯冠（Nature One Dairy）,真洋牌(中国市场定制),低-中,"澳洲注册+本土生产属实,专为中国市场打造,血统真实",已联网核验
88,东鹏 东鹏饮料,非假洋牌(国产),极低,"知名国产品牌,不属假洋牌",已联网核验
89,Liperson,疑似假洋牌,高,"查无母国背景,需查商标",已联网核验
90,快乐一爪,非假洋牌(国产),极低,"纯中文品牌,不属假洋牌",已联网核验
91,"沃尔克斯（Walkers）,Waitrose",真洋牌,低-中,"苏格兰百年酥饼+英国Waitrose,母国真实",已联网核验
92,本叮叮,非假洋牌(国产),极低,"纯中文品牌,不属假洋牌",已联网核验
93,Ausiki,真洋牌(中国市场定制),低-中,"澳洲注册+本土奶源属实,主供中国市场,血统真实",已联网核验
94,植护,非假洋牌(国产),极低,"纯中文品牌,不属假洋牌",已联网核验
95,"Westmalle TRAPPIST,修道院（La Trappe）",真洋牌,低-中,"正宗修道院啤酒,母国真实",已联网核验
96,ahuhu,真洋牌,低-中,"德国有机洗护,母国真实",已联网核验
97,丽康丝（NIOXIN）,真洋牌,低-中,"美国防脱护发,母国真实",已联网核验
98,AF 1870 SINCE 1870 ANTONIO FACCHIN,真洋牌,低-中,"意大利百年酒庄,母国真实",已联网核验
99,"费登斯,击倒巨人",非假洋牌(国产),极低,"中文品牌,不属假洋牌",已联网核验
100,ProNuCare,真洋牌,低-中,"美国保健品,母国实体真实",已联网核验
101,KESH KING,真洋牌,低-中,"印度阿育吠陀护发,母国真实",已联网核验
102,BRETT JOHNSON,真洋牌,低-中,"美国设计意大利制造奢侈男装,母国真实",已联网核验
103,ANNAMAET,真洋牌,低-中,"美国家族宠物食品,母国真实",已联网核验
104,TO-PLAN,存疑,低,"疑为日本东京企划,但缺直接佐证,需核实",已联网核验
105,AZ-GRANATA,真洋牌,低-中,"阿塞拜疆果汁酒水,Made in Azerbaijan,母国真实",已联网核验
106,NOSSKISS,存疑,低,"近似NOSSK美国商标但拼写不符,需核实",已联网核验
107,DEAURORA,真洋牌,低-中,"澳洲沉香护肤,母国生产真实",已联网核验
108,REPLENIX,真洋牌,低-中,"美国皮肤科护肤,母国真实",已联网核验
109,"四万十川,黑牛（heiniu）",存疑,低,"多品牌混合,需拆分核实",已联网核验
110,SOFFELL,真洋牌,低-中,"印尼第一驱蚊液,母国真实",已联网核验
111,耶馬美人,非假洋牌(国产),低,需进一步核实,规则推断·未核验
112,旭福益节,非假洋牌(国产),低,需进一步核实,规则推断·未核验
113,Amerpin,待核验(英文名),待核验,"英文名,需联网核验",规则推断·未核验
114,SAKURAIM,待核验(英文名),待核验,"英文名,需联网核验",规则推断·未核验
115,Diploma,待核验(英文名),待核验,"英文名,需联网核验",规则推断·未核验
116,旧街场（OLDTOWN）,待核验(中英混合),待核验,"中英混合,通常为真品牌,需逐个搜索",规则推断·未核验
117,MOEDU,待核验(英文名),待核验,"英文名,需联网核验",规则推断·未核验
118,SCARLYSE,待核验(英文名),待核验,"英文名,需联网核验",规则推断·未核验
119,Rodipet,待核验(英文名),待核验,"英文名,需联网核验",规则推断·未核验
120,银座美健（Ginza·BK）,待核验(中英混合),待核验,"中英混合,通常为真品牌,需逐个搜索",规则推断·未核验
121,"济众堂,HANWOOD",待核验(多品牌组合),待核验,"多品牌拼接,需拆分核实",规则推断·未核验
122,Castus,待核验(英文名),待核验,"英文名,需联网核验",规则推断·未核验
123,AwaRua,待核验(英文名),待核验,"英文名,需联网核验",规则推断·未核验
124,壹品（EAPING）,待核验(中英混合),待核验,"中英混合,通常为真品牌,需逐个搜索",规则推断·未核验
125,ostte,待核验(英文名),待核验,"英文名,需联网核验",规则推断·未核验
126,MAEHUE,待核验(英文名),待核验,"英文名,需联网核验",规则推断·未核验
127,卧佛,非假洋牌(国产),低,需进一步核实,规则推断·未核验
128,PALMARAE,待核验(英文名),待核验,"英文名,需联网核验",规则推断·未核验
129,奢驰路易（SECHILOUIS）,待核验(中英混合),待核验,"中英混合,通常为真品牌,需逐个搜索",规则推断·未核验
130,Orukis,待核验(英文名),待核验,"英文名,需联网核验",规则推断·未核验
131,"樱正宗,菊姫",待核验(多品牌组合),待核验,"多品牌拼接,需拆分核实",规则推断·未核验
132,盟利,非假洋牌(国产),低,需进一步核实,规则推断·未核验
133,布琅兄弟酒庄（Brown Brothers）,待核验(中英混合),待核验,"中英混合,通常为真品牌,需逐个搜索",规则推断·未核验
134,"Sashas,克劳德医生（Dr.Clauder′s）",待核验(多品牌组合),待核验,"多品牌拼接,需拆分核实",规则推断·未核验
135,康如（KLORANE）,待核验(中英混合),待核验,"中英混合,通常为真品牌,需逐个搜索",规则推断·未核验
136,LoveLiner,待核验(英文名),待核验,"英文名,需联网核验",规则推断·未核验
137,LITTLEOAK,待核验(英文名),待核验,"英文名,需联网核验",规则推断·未核验
138,NATURE ONE DAIRY,待核验(英文名),待核验,"英文名,需联网核验",规则推断·未核验
139,Daerlucky,待核验(英文名),待核验,"英文名,需联网核验",规则推断·未核验
140,ベイビーサポート（Baby Support）,待核验(英文名),待核验,"英文名,需联网核验",规则推断·未核验
141,"RapidBrow,RAPIDHAIR",待核验(多品牌组合),待核验,"多品牌拼接,需拆分核实",规则推断·未核验
142,Three-Tree,待核验(英文名),待核验,"英文名,需联网核验",规则推断·未核验
143,"Arla,宝贝与我（Arla）",待核验(多品牌组合),待核验,"多品牌拼接,需拆分核实",规则推断·未核验
144,KARLSSON,待核验(英文名),待核验,"英文名,需联网核验",规则推断·未核验
145,"Dr.Dominic,太田胃散",待核验(多品牌组合),待核验,"多品牌拼接,需拆分核实",规则推断·未核验
146,爱薇牛（jersey）,待核验(中英混合),待核验,"中英混合,通常为真品牌,需逐个搜索",规则推断·未核验
147,Dulce Vida,待核验(英文名),待核验,"英文名,需联网核验",规则推断·未核验
148,GLORIPETGO,待核验(英文名),待核验,"英文名,需联网核验",规则推断·未核验
149,"3泉（3 Fonteinen）,Liefmans",待核验(多品牌组合),待核验,"多品牌拼接,需拆分核实",规则推断·未核验
150,坤格（Kronsegler）,待核验(中英混合),待核验,"中英混合,通常为真品牌,需逐个搜索",规则推断·未核验
151,Camelstory,待核验(英文名),待核验,"英文名,需联网核验",规则推断·未核验
152,PEIVOB,待核验(英文名),待核验,"英文名,需联网核验",规则推断·未核验
153,"二宝（Nimm2）,yumearth",待核验(多品牌组合),待核验,"多品牌拼接,需拆分核实",规则推断·未核验
154,NATIVE HARVEST,待核验(英文名),待核验,"英文名,需联网核验",规则推断·未核验
155,拉菲罗斯柴尔德男爵酒业,非假洋牌(国产),低,需进一步核实,规则推断·未核验
156,三橡树,非假洋牌(国产),低,需进一步核实,规则推断·未核验
157,VDJ,疑似假洋牌(无元音),高,"无元音字母,高风险生造名",规则推断·未核验
158,Damebb,待核验(英文名),待核验,"英文名,需联网核验",规则推断·未核验
159,STADA (史达德),待核验(中英混合),待核验,"中英混合,通常为真品牌,需逐个搜索",规则推断·未核验
160,"Horizon Organic,SILK",待核验(多品牌组合),待核验,"多品牌拼接,需拆分核实",规则推断·未核验
161,ausiki,待核验(英文名),待核验,"英文名,需联网核验",规则推断·未核验
162,comoace,待核验(英文名),待核验,"英文名,需联网核验",规则推断·未核验
163,"MAGIOPY,DENTONSZHE",待核验(多品牌组合),待核验,"多品牌拼接,需拆分核实",规则推断·未核验
164,蜜兰达（NZGOLDHEALTH）,待核验(中英混合),待核验,"中英混合,通常为真品牌,需逐个搜索",规则推断·未核验
165,Vivaland,待核验(英文名),待核验,"英文名,需联网核验",规则推断·未核验
166,高活コウカツ,非假洋牌(国产),低,需进一步核实,规则推断·未核验
167,Les sacs Adam,待核验(英文名),待核验,"英文名,需联网核验",规则推断·未核验
168,BRAGG,待核验(英文名),待核验,"英文名,需联网核验",规则推断·未核验
169,黑酢家,非假洋牌(国产),低,需进一步核实,规则推断·未核验
170,STEINBERG,待核验(英文名),待核验,"英文名,需联网核验",规则推断·未核验
171,Bebilon,待核验(英文名),待核验,"英文名,需联网核验",规则推断·未核验
172,MER BLEUE,待核验(英文名),待核验,"英文名,需联网核验",规则推断·未核验
173,"沃尔克斯（Walkers）,FAMILIE",待核验(多品牌组合),待核验,"多品牌拼接,需拆分核实",规则推断·未核验
174,TOMMY TRUCKER,待核验(英文名),待核验,"英文名,需联网核验",规则推断·未核验
175,lucas' papaw remedies,待核验(英文名),待核验,"英文名,需联网核验",规则推断·未核验
176,DVHNMK,疑似假洋牌,高,"查无母国信息,高度疑似假洋牌",已联网核验
177,FINK STUDIO,待核验(英文名),待核验,"英文名,需联网核验",规则推断·未核验
178,FRIIS-HOLM,待核验(英文名),待核验,"英文名,需联网核验",规则推断·未核验
179,握手,非假洋牌(国产),低,需进一步核实,规则推断·未核验
180,ThreeGeese,待核验(英文名),待核验,"英文名,需联网核验",规则推断·未核验
181,JIUJA,待核验(英文名),待核验,"英文名,需联网核验",规则推断·未核验
182,施密特世家（Schmitt Söhne）,待核验(中英混合),待核验,"中英混合,通常为真品牌,需逐个搜索",规则推断·未核验
183,doddL,待核验(英文名),待核验,"英文名,需联网核验",规则推断·未核验
184,么鳳士多（YIUFUNGSTORE）,待核验(中英混合),待核验,"中英混合,通常为真品牌,需逐个搜索",规则推断·未核验
185,法兹（FineSky）,待核验(中英混合),待核验,"中英混合,通常为真品牌,需逐个搜索",规则推断·未核验
186,Frontier Co-op,待核验(英文名),待核验,"英文名,需联网核验",规则推断·未核验
187,OLOEY,待核验(英文名),待核验,"英文名,需联网核验",规则推断·未核验
188,GREEN BELL,待核验(英文名),待核验,"英文名,需联网核验",规则推断·未核验
189,"MONTES,THE ORIENT",待核验(多品牌组合),待核验,"多品牌拼接,需拆分核实",规则推断·未核验
190,萬時發（M MAXLUCKY）,待核验(中英混合),待核验,"中英混合,通常为真品牌,需逐个搜索",规则推断·未核验
191,双莲（Twin Lotus）,待核验(中英混合),待核验,"中英混合,通常为真品牌,需逐个搜索",规则推断·未核验
192,KINGPOWER,待核验(英文名),待核验,"英文名,需联网核验",规则推断·未核验
193,"Ausiki,银座美健（Ginza·BK）",待核验(多品牌组合),待核验,"多品牌拼接,需拆分核实",规则推断·未核验
194,XJSGS,疑似假洋牌(无元音),高,"无元音字母,高风险生造名",规则推断·未核验
195,milbon,待核验(英文名),待核验,"英文名,需联网核验",规则推断·未核验
196,Lisozo,待核验(英文名),待核验,"英文名,需联网核验",规则推断·未核验
197,Austin,待核验(英文名),待核验,"英文名,需联网核验",规则推断·未核验
198,Yisop,待核验(英文名),待核验,"英文名,需联网核验",规则推断·未核验
199,TOME BKOWAIE,待核验(英文名),待核验,"英文名,需联网核验",规则推断·未核验
200,Sunsweet,待核验(英文名),待核验,"英文名,需联网核验",规则推断·未核验
201,"Misiones de Rengo,Riporta",待核验(多品牌组合),待核验,"多品牌拼接,需拆分核实",规则推断·未核验
202,Leypian,待核验(英文名),待核验,"英文名,需联网核验",规则推断·未核验
203,HOXTON,待核验(英文名),待核验,"英文名,需联网核验",规则推断·未核验
204,Vere Parker London,待核验(英文名),待核验,"英文名,需联网核验",规则推断·未核验
205,"POLO WEAR SPORT,POLO WEAR",待核验(多品牌组合),待核验,"多品牌拼接,需拆分核实",规则推断·未核验
206,POLO CLUB ENGLAND,待核验(英文名),待核验,"英文名,需联网核验",规则推断·未核验
207,Casira Kaviar,待核验(英文名),待核验,"英文名,需联网核验",规则推断·未核验
208,"LISM,LIIS",待核验(多品牌组合),待核验,"多品牌拼接,需拆分核实",规则推断·未核验
209,LIIS,待核验(英文名),待核验,"英文名,需联网核验",规则推断·未核验
210,Dudant,待核验(英文名),待核验,"英文名,需联网核验",规则推断·未核验
211,CALYPSO,待核验(英文名),待核验,"英文名,需联网核验",规则推断·未核验
212,Eres,待核验(英文名),待核验,"英文名,需联网核验",规则推断·未核验
213,oein,待核验(英文名),待核验,"英文名,需联网核验",规则推断·未核验
214,Wirpta,待核验(英文名),待核验,"英文名,需联网核验",规则推断·未核验
215,"Homesee,LIIS",待核验(多品牌组合),待核验,"多品牌拼接,需拆分核实",规则推断·未核验
216,TFNDATNH,疑似假洋牌,高,"查无母国信息,高度疑似假洋牌",已联网核验
217,WVD,疑似假洋牌(无元音),高,"无元音字母,高风险生造名",规则推断·未核验
218,SGJ,疑似假洋牌(无元音),高,"无元音字母,高风险生造名",规则推断·未核验
219,"TOMMY TRUCKER,MAGIOPY",待核验(多品牌组合),待核验,"多品牌拼接,需拆分核实",规则推断·未核验
220,"LISCN,LISM",待核验(多品牌组合),待核验,"多品牌拼接,需拆分核实",规则推断·未核验
221,Whynot,真洋牌,低-中,"意大利时尚品牌,母国真实",已联网核验
222,MNSMIN,真洋牌,低-中,"中国品牌但被误认为日本,母国公司真实",已联网核验
223,WELLS & CO,待核验(英文名),待核验,"英文名,需联网核验",规则推断·未核验
224,COVA,待核验(英文名),待核验,"英文名,需联网核验",规则推断·未核验
225,"LIIS,RUVWOZS",待核验(多品牌组合),待核验,"多品牌拼接,需拆分核实",规则推断·未核验
226,NOSOYO,待核验(英文名),待核验,"英文名,需联网核验",规则推断·未核验
227,Khwfjas,疑似假洋牌,高,"查无母国信息,高度疑似",已联网核验
228,AWACHI,待核验(英文名),待核验,"英文名,需联网核验",规则推断·未核验
229,NOBLE AURA,待核验(英文名),待核验,"英文名,需联网核验",规则推断·未核验
230,WOATI,待核验(英文名),待核验,"英文名,需联网核验",规则推断·未核验
231,Ebonka,待核验(英文名),待核验,"英文名,需联网核验",规则推断·未核验
232,"ONEDEW,SUNTTAUN",待核验(多品牌组合),待核验,"多品牌拼接,需拆分核实",规则推断·未核验
233,Bramim,待核验(英文名),待核验,"英文名,需联网核验",规则推断·未核验
234,LECEN,待核验(英文名),待核验,"英文名,需联网核验",规则推断·未核验
235,SXMM,疑似假洋牌(无元音),高,"无元音字母,高风险生造名",规则推断·未核验
236,"OLOEY,oein",待核验(多品牌组合),待核验,"多品牌拼接,需拆分核实",规则推断·未核验
237,"LISI,LISM",待核验(多品牌组合),待核验,"多品牌拼接,需拆分核实",规则推断·未核验
238,"NOSSKISS,Rewi",待核验(多品牌组合),待核验,"多品牌拼接,需拆分核实",规则推断·未核验
239,ANYSMIC,待核验(英文名),待核验,"英文名,需联网核验",规则推断·未核验
240,Thintime,待核验(英文名),待核验,"英文名,需联网核验",规则推断·未核验
241,OEMG,待核验(英文名),待核验,"英文名,需联网核验",规则推断·未核验
242,PAGKAVIO,待核验(英文名),待核验,"英文名,需联网核验",规则推断·未核验
243,AIOSC,待核验(英文名),待核验,"英文名,需联网核验",规则推断·未核验
244,LVLA,待核验(英文名),待核验,"英文名,需联网核验",规则推断·未核验
245,RSY,疑似假洋牌(无元音),高,"无元音字母,高风险生造名",规则推断·未核验
246,QQK,疑似假洋牌(无元音),高,"无元音字母,高风险生造名",规则推断·未核验
247,EUGENE & CO.,待核验(英文名),待核验,"英文名,需联网核验",规则推断·未核验
248,SUSTYLE,待核验(英文名),待核验,"英文名,需联网核验",规则推断·未核验
249,ZKHE,待核验(英文名),待核验,"英文名,需联网核验",规则推断·未核验
250,"OEMG,LISM",待核验(多品牌组合),待核验,"多品牌拼接,需拆分核实",规则推断·未核验
251,EARTH MAMA,待核验(英文名),待核验,"英文名,需联网核验",规则推断·未核验
252,DENTONSZHE,待核验(英文名),待核验,"英文名,需联网核验",规则推断·未核验
253,MAGT,待核验(英文名),待核验,"英文名,需联网核验",规则推断·未核验
254,AMATHLETE,待核验(英文名),待核验,"英文名,需联网核验",规则推断·未核验
255,十四代,非假洋牌(国产),低,需进一步核实,规则推断·未核验
256,"Reessy,TOMMY TRUCKER",待核验(多品牌组合),待核验,"多品牌拼接,需拆分核实",规则推断·未核验
257,"美浓烧,美濃焼",待核验(多品牌组合),待核验,"多品牌拼接,需拆分核实",规则推断·未核验
258,KK,疑似假洋牌(无元音),高,"无元音字母,高风险生造名",规则推断·未核验
259,Ehangy,待核验(英文名),待核验,"英文名,需联网核验",规则推断·未核验
260,ODYBIRD,待核验(英文名),待核验,"英文名,需联网核验",规则推断·未核验
261,DATALAND,待核验(英文名),待核验,"英文名,需联网核验",规则推断·未核验
262,Seiban,待核验(英文名),待核验,"英文名,需联网核验",规则推断·未核验
263,"四万十川,荣光芳春",待核验(多品牌组合),待核验,"多品牌拼接,需拆分核实",规则推断·未核验
264,EVERIO,待核验(英文名),待核验,"英文名,需联网核验",规则推断·未核验
265,oeim,待核验(英文名),待核验,"英文名,需联网核验",规则推断·未核验
266,"OEMG,OIMG",待核验(多品牌组合),待核验,"多品牌拼接,需拆分核实",规则推断·未核验
267,TJQ,疑似假洋牌(无元音),高,"无元音字母,高风险生造名",规则推断·未核验
268,"bb+ Baby Plus,WEMUG",待核验(多品牌组合),待核验,"多品牌拼接,需拆分核实",规则推断·未核验
269,PHILIP B,待核验(英文名),待核验,"英文名,需联网核验",规则推断·未核验
270,寧品匯,非假洋牌(国产),低,需进一步核实,规则推断·未核验
271,BOHEMIA,待核验(英文名),待核验,"英文名,需联网核验",规则推断·未核验
272,固洛克,非假洋牌(国产),低,需进一步核实,规则推断·未核验
273,GoldenGobi,待核验(英文名),待核验,"英文名,需联网核验",规则推断·未核验
274,"菊正宗,醉鲸",待核验(多品牌组合),待核验,"多品牌拼接,需拆分核实",规则推断·未核验
275,"黑牛（heiniu）,锅岛",待核验(多品牌组合),待核验,"多品牌拼接,需拆分核实",规则推断·未核验
276,Selmark,待核验(英文名),待核验,"英文名,需联网核验",规则推断·未核验
277,SOFI,待核验(英文名),待核验,"英文名,需联网核验",规则推断·未核验
278,SODASAN,待核验(英文名),待核验,"英文名,需联网核验",规则推断·未核验
279,"马爹利名士,轩尼诗",待核验(多品牌组合),待核验,"多品牌拼接,需拆分核实",规则推断·未核验
280,Sailwind,待核验(英文名),待核验,"英文名,需联网核验",规则推断·未核验
281,赞斯特,非假洋牌(国产),低,需进一步核实,规则推断·未核验
282,TPZBWG,真洋牌,低-中,"新加坡高端茶品,母国真实",已联网核验
283,Lululun,待核验(英文名),待核验,"英文名,需联网核验",规则推断·未核验
284,MOONY,待核验(英文名),待核验,"英文名,需联网核验",规则推断·未核验
285,"NEW MO,LEXILIS",待核验(多品牌组合),待核验,"多品牌拼接,需拆分核实",规则推断·未核验
286,"新发,NEW MO",待核验(多品牌组合),待核验,"多品牌拼接,需拆分核实",规则推断·未核验
287,DIFANPU,待核验(英文名),待核验,"英文名,需联网核验",规则推断·未核验
288,"OATSIDE,OATLY",待核验(多品牌组合),待核验,"多品牌拼接,需拆分核实",规则推断·未核验
289,蒙特斯（MONTES）,待核验(中英混合),待核验,"中英混合,通常为真品牌,需逐个搜索",规则推断·未核验
290,"AQUA BLOX,BLUE CAN",待核验(多品牌组合),待核验,"多品牌拼接,需拆分核实",规则推断·未核验
291,ZUV,待核验(英文名),待核验,"英文名,需联网核验",规则推断·未核验
292,"OEMG,柯准",待核验(多品牌组合),待核验,"多品牌拼接,需拆分核实",规则推断·未核验
293,KUNDAL,待核验(英文名),待核验,"英文名,需联网核验",规则推断·未核验
294,COOGI,待核验(英文名),待核验,"英文名,需联网核验",规则推断·未核验
295,"菊正宗,遊穗",待核验(多品牌组合),待核验,"多品牌拼接,需拆分核实",规则推断·未核验
296,SUNTTAUN,待核验(英文名),待核验,"英文名,需联网核验",规则推断·未核验
297,"切洛家族（BACCOLO）,星空莫斯卡托（Moscato d' Asti）",待核验(多品牌组合),待核验,"多品牌拼接,需拆分核实",规则推断·未核验
298,Airmiuu,待核验(英文名),待核验,"英文名,需联网核验",规则推断·未核验
299,TEKBER,待核验(英文名),待核验,"英文名,需联网核验",规则推断·未核验
300,CUCB,待核验(英文名),待核验,"英文名,需联网核验",规则推断·未核验
301,"哥伦布斯（COLUMBUS）,SHOEBOY`S",待核验(多品牌组合),待核验,"多品牌拼接,需拆分核实",规则推断·未核验
302,澳爸厨房,非假洋牌(国产),低,需进一步核实,规则推断·未核验
303,GRL,疑似假洋牌(无元音),高,"无元音字母,高风险生造名",规则推断·未核验
304,Turkey Hill Sugarbush,待核验(英文名),待核验,"英文名,需联网核验",规则推断·未核验
305,G7 COFFEE,待核验(英文名),待核验,"英文名,需联网核验",规则推断·未核验
306,"世家兰铎（SegafredoZanetti）,拉瓦萨（LAVAZZA）",待核验(多品牌组合),待核验,"多品牌拼接,需拆分核实",规则推断·未核验
307,SHEVEU,待核验(英文名),待核验,"英文名,需联网核验",规则推断·未核验
308,玫丽素,非假洋牌(国产),低,需进一步核实,规则推断·未核验
309,CHUCHU,待核验(英文名),待核验,"英文名,需联网核验",规则推断·未核验
310,NEWMDER,待核验(英文名),待核验,"英文名,需联网核验",规则推断·未核验
311,mollale,待核验(英文名),待核验,"英文名,需联网核验",规则推断·未核验
312,"BACHA,ostte",待核验(多品牌组合),待核验,"多品牌拼接,需拆分核实",规则推断·未核验
313,LURSON,待核验(英文名),待核验,"英文名,需联网核验",规则推断·未核验
314,FARCOKO,待核验(英文名),待核验,"英文名,需联网核验",规则推断·未核验
315,"LEXILIS,野付",待核验(多品牌组合),待核验,"多品牌拼接,需拆分核实",规则推断·未核验
316,Perfect potion,待核验(英文名),待核验,"英文名,需联网核验",规则推断·未核验
317,TAUPO PURE,待核验(英文名),待核验,"英文名,需联网核验",规则推断·未核验
318,Ci,待核验(英文名),待核验,"英文名,需联网核验",规则推断·未核验
319,QAISAR,待核验(英文名),待核验,"英文名,需联网核验",规则推断·未核验
320,Kryolan,待核验(英文名),待核验,"英文名,需联网核验",规则推断·未核验
321,爱敬（AEKYUNG）,待核验(中英混合),待核验,"中英混合,通常为真品牌,需逐个搜索",规则推断·未核验
322,SOEOS,待核验(英文名),待核验,"英文名,需联网核验",规则推断·未核验
323,"哈奴曼,SOFFELL",待核验(多品牌组合),待核验,"多品牌拼接,需拆分核实",规则推断·未核验
324,"小李子（LEONARDO）,MACS",待核验(多品牌组合),待核验,"多品牌拼接,需拆分核实",规则推断·未核验
325,"101CAFFE,AF 1870 SINCE 1870 ANTONIO FACCHIN",待核验(多品牌组合),待核验,"多品牌拼接,需拆分核实",规则推断·未核验
326,"雨後の月,天美",待核验(多品牌组合),待核验,"多品牌拼接,需拆分核实",规则推断·未核验
327,DOFANKIN,待核验(英文名),待核验,"英文名,需联网核验",规则推断·未核验
328,"SUMDOY,SKISGEM",待核验(多品牌组合),待核验,"多品牌拼接,需拆分核实",规则推断·未核验
329,EXPRESSIONS,待核验(英文名),待核验,"英文名,需联网核验",规则推断·未核验
330,"CCOKIO,倍思雅（pixysart）",待核验(多品牌组合),待核验,"多品牌拼接,需拆分核实",规则推断·未核验
331,OIZ,待核验(英文名),待核验,"英文名,需联网核验",规则推断·未核验
332,Hero Baby,待核验(英文名),待核验,"英文名,需联网核验",规则推断·未核验
333,"大塚制药,大正",待核验(多品牌组合),待核验,"多品牌拼接,需拆分核实",规则推断·未核验
334,HOSIKA,待核验(英文名),待核验,"英文名,需联网核验",规则推断·未核验
335,"SUNTTAUN,Rofagy",待核验(多品牌组合),待核验,"多品牌拼接,需拆分核实",规则推断·未核验
336,"萨摩隼人,貴",待核验(多品牌组合),待核验,"多品牌拼接,需拆分核实",规则推断·未核验
337,何太医（DR.HE）,待核验(中英混合),待核验,"中英混合,通常为真品牌,需逐个搜索",规则推断·未核验
338,诺崔特（Natur Top）,待核验(中英混合),待核验,"中英混合,通常为真品牌,需逐个搜索",规则推断·未核验
339,"NORGATE,Kurmitay",待核验(多品牌组合),待核验,"多品牌拼接,需拆分核实",规则推断·未核验
340,Truefitt&Hill,待核验(英文名),待核验,"英文名,需联网核验",规则推断·未核验
341,"撒隆,绿情蓓（naturebud）",待核验(多品牌组合),待核验,"多品牌拼接,需拆分核实",规则推断·未核验
342,"嘉加玩具（Plus-plus）,fischertechnik",待核验(多品牌组合),待核验,"多品牌拼接,需拆分核实",规则推断·未核验
343,拉薇（Lavera）,待核验(中英混合),待核验,"中英混合,通常为真品牌,需逐个搜索",规则推断·未核验
344,"遊穗,樱正宗",待核验(多品牌组合),待核验,"多品牌拼接,需拆分核实",规则推断·未核验
345,挑咖,非假洋牌(国产),低,需进一步核实,规则推断·未核验
346,"锅岛,四万十川",待核验(多品牌组合),待核验,"多品牌拼接,需拆分核实",规则推断·未核验
347,AWNL,待核验(英文名),待核验,"英文名,需联网核验",规则推断·未核验
348,ROSIEN,待核验(英文名),待核验,"英文名,需联网核验",规则推断·未核验
349,"科拿（Conaprole）,妙可（Mlekovita）",待核验(多品牌组合),待核验,"多品牌拼接,需拆分核实",规则推断·未核验
350,Alpensalz,待核验(英文名),待核验,"英文名,需联网核验",规则推断·未核验
351,"猛虎通关,金老虎",待核验(多品牌组合),待核验,"多品牌拼接,需拆分核实",规则推断·未核验
352,"路特斯（LOTUS NYO）,COLIBRI",待核验(多品牌组合),待核验,"多品牌拼接,需拆分核实",规则推断·未核验
353,"红印（Red seal）,red seal",待核验(多品牌组合),待核验,"多品牌拼接,需拆分核实",规则推断·未核验
354,MIFIKO,待核验(英文名),待核验,"英文名,需联网核验",规则推断·未核验
355,KINCHO,待核验(英文名),待核验,"英文名,需联网核验",规则推断·未核验
356,"SINANO1,クロスタニン　藻類DHAカプセル",待核验(多品牌组合),待核验,"多品牌拼接,需拆分核实",规则推断·未核验
357,BathSmell,待核验(英文名),待核验,"英文名,需联网核验",规则推断·未核验
358,"LOVE,AFARE,BONZ",待核验(多品牌组合),待核验,"多品牌拼接,需拆分核实",规则推断·未核验
359,克奈圃（Kneipp）,待核验(中英混合),待核验,"中英混合,通常为真品牌,需逐个搜索",规则推断·未核验
360,‌JCPenney,待核验(英文名),待核验,"英文名,需联网核验",规则推断·未核验
361,AuRtOP,待核验(英文名),待核验,"英文名,需联网核验",规则推断·未核验
362,OUATE,待核验(英文名),待核验,"英文名,需联网核验",规则推断·未核验
363,DU'IT,待核验(英文名),待核验,"英文名,需联网核验",规则推断·未核验
364,PS. PRETTYSKIN.,真洋牌,低-中,"韩国100%本土生产,母国真实",已联网核验
365,"Mamba,二宝（Nimm2）",待核验(多品牌组合),待核验,"多品牌拼接,需拆分核实",规则推断·未核验
366,纪思梵,非假洋牌(国产),低,需进一步核实,规则推断·未核验
367,iFACE,待核验(英文名),待核验,"英文名,需联网核验",规则推断·未核验
368,KoalaMan,待核验(英文名),待核验,"英文名,需联网核验",规则推断·未核验
369,"OLJ,Rewi",待核验(多品牌组合),待核验,"多品牌拼接,需拆分核实",规则推断·未核验
370,ning,待核验(英文名),待核验,"英文名,需联网核验",规则推断·未核验
371,Artchic,待核验(英文名),待核验,"英文名,需联网核验",规则推断·未核验
372,"WOPUKA,SEDATE",待核验(多品牌组合),待核验,"多品牌拼接,需拆分核实",规则推断·未核验
373,YIVIKII,待核验(英文名),待核验,"英文名,需联网核验",规则推断·未核验
374,lavy,待核验(英文名),待核验,"英文名,需联网核验",规则推断·未核验
375,PELLER ESTATES,待核验(英文名),待核验,"英文名,需联网核验",规则推断·未核验
376,BRUNO,待核验(英文名),待核验,"英文名,需联网核验",规则推断·未核验
377,Oli6,待核验(英文名),待核验,"英文名,需联网核验",规则推断·未核验
378,卡洛塔妮,非假洋牌(国产),低,需进一步核实,规则推断·未核验
379,OVZ,待核验(英文名),待核验,"英文名,需联网核验",规则推断·未核验
380,MUTO,待核验(英文名),待核验,"英文名,需联网核验",规则推断·未核验
381,SACELLEC BEAUTE,待核验(英文名),待核验,"英文名,需联网核验",规则推断·未核验
382,Aromat Herbs,待核验(英文名),待核验,"英文名,需联网核验",规则推断·未核验
383,Hansen Living,待核验(英文名),待核验,"英文名,需联网核验",规则推断·未核验
384,IN ESSENCE,待核验(英文名),待核验,"英文名,需联网核验",规则推断·未核验
385,"燃力士,PRIME",待核验(多品牌组合),待核验,"多品牌拼接,需拆分核实",规则推断·未核验
386,"尊马油,Dr.Select",待核验(多品牌组合),待核验,"多品牌拼接,需拆分核实",规则推断·未核验
387,"NUDE努德,田岛硝子",待核验(多品牌组合),待核验,"多品牌拼接,需拆分核实",规则推断·未核验
388,AIRBUGGY,待核验(英文名),待核验,"英文名,需联网核验",规则推断·未核验
389,oocoo,待核验(英文名),待核验,"英文名,需联网核验",规则推断·未核验
390,VITALESSENTIALS,待核验(英文名),待核验,"英文名,需联网核验",规则推断·未核验
391,"Cornette,伊段（ＹＩＤＵＡＮ）",待核验(多品牌组合),待核验,"多品牌拼接,需拆分核实",规则推断·未核验
392,"秀凤,龟泉",待核验(多品牌组合),待核验,"多品牌拼接,需拆分核实",规则推断·未核验
393,新生命凝胶,非假洋牌(国产),低,需进一步核实,规则推断·未核验
394,Henhut,待核验(英文名),待核验,"英文名,需联网核验",规则推断·未核验
395,CuteAngel,待核验(英文名),待核验,"英文名,需联网核验",规则推断·未核验
396,"PRIME,森永（Morinaga）",待核验(多品牌组合),待核验,"多品牌拼接,需拆分核实",规则推断·未核验
397,"黑龙,大嶺（Ohmine）",待核验(多品牌组合),待核验,"多品牌拼接,需拆分核实",规则推断·未核验
398,"残響,十四代",待核验(多品牌组合),待核验,"多品牌拼接,需拆分核实",规则推断·未核验
399,Indolen,待核验(英文名),待核验,"英文名,需联网核验",规则推断·未核验
400,MONDIAL 1908,待核验(英文名),待核验,"英文名,需联网核验",规则推断·未核验
401,SKATER,待核验(英文名),待核验,"英文名,需联网核验",规则推断·未核验
402,宝罗丝丹（BONOSIDAN）,待核验(中英混合),待核验,"中英混合,通常为真品牌,需逐个搜索",规则推断·未核验
403,Aspinal of london,待核验(英文名),待核验,"英文名,需联网核验",规则推断·未核验
404,SHOPQA,待核验(英文名),待核验,"英文名,需联网核验",规则推断·未核验
405,"101CAFFE,INSIUM",待核验(多品牌组合),待核验,"多品牌拼接,需拆分核实",规则推断·未核验
406,"秀凤,卧龙梅",待核验(多品牌组合),待核验,"多品牌拼接,需拆分核实",规则推断·未核验
407,ARCHCAFE,待核验(英文名),待核验,"英文名,需联网核验",规则推断·未核验
408,NOIROT,待核验(英文名),待核验,"英文名,需联网核验",规则推断·未核验
409,venTa,待核验(英文名),待核验,"英文名,需联网核验",规则推断·未核验
410,Mrs Rogers,待核验(英文名),待核验,"英文名,需联网核验",规则推断·未核验
411,valeve,待核验(英文名),待核验,"英文名,需联网核验",规则推断·未核验
412,Aldente,待核验(英文名),待核验,"英文名,需联网核验",规则推断·未核验
413,"Alter Schwede,SCILIO",待核验(多品牌组合),待核验,"多品牌拼接,需拆分核实",规则推断·未核验
414,蔻吉,非假洋牌(国产),低,需进一步核实,规则推断·未核验
415,Boyer,待核验(英文名),待核验,"英文名,需联网核验",规则推断·未核验
416,KINU,待核验(英文名),待核验,"英文名,需联网核验",规则推断·未核验
417,"QUATTROCIOCCHI,DECARLO MASTRI OLEARI DAL 1600",待核验(多品牌组合),待核验,"多品牌拼接,需拆分核实",规则推断·未核验
418,sesderma,待核验(英文名),待核验,"英文名,需联网核验",规则推断·未核验
419,"Lamisil cream,Healthy Care",待核验(多品牌组合),待核验,"多品牌拼接,需拆分核实",规则推断·未核验
420,Yowwa,待核验(英文名),待核验,"英文名,需联网核验",规则推断·未核验
421,mling,待核验(英文名),待核验,"英文名,需联网核验",规则推断·未核验
422,"vieruodis,GOLF MADAM",待核验(多品牌组合),待核验,"多品牌拼接,需拆分核实",规则推断·未核验
423,NOFROM,待核验(英文名),待核验,"英文名,需联网核验",规则推断·未核验
424,GH GREAT HOUSE,待核验(英文名),待核验,"英文名,需联网核验",规则推断·未核验
425,TaubeChing,待核验(英文名),待核验,"英文名,需联网核验",规则推断·未核验
426,UGLI,待核验(英文名),待核验,"英文名,需联网核验",规则推断·未核验
427,SKISGEM,待核验(英文名),待核验,"英文名,需联网核验",规则推断·未核验
428,coulomb,待核验(英文名),待核验,"英文名,需联网核验",规则推断·未核验
429,"TINME,摩飞电器（Morphyrichards）",待核验(多品牌组合),待核验,"多品牌拼接,需拆分核实",规则推断·未核验
430,BURGESS,待核验(英文名),待核验,"英文名,需联网核验",规则推断·未核验
431,AMINAVAST,待核验(英文名),待核验,"英文名,需联网核验",规则推断·未核验
432,"SAVANNA ORCHARDS,KINGPOWER",待核验(多品牌组合),待核验,"多品牌拼接,需拆分核实",规则推断·未核验
433,Meili Nature,待核验(英文名),待核验,"英文名,需联网核验",规则推断·未核验
434,"白恋人,木徳神糧",待核验(多品牌组合),待核验,"多品牌拼接,需拆分核实",规则推断·未核验
435,"力保健（Lipovitan）,魔爪（Monster）",待核验(多品牌组合),待核验,"多品牌拼接,需拆分核实",规则推断·未核验
436,MOCCSOCC,待核验(英文名),待核验,"英文名,需联网核验",规则推断·未核验
437,RNTOU,待核验(英文名),待核验,"英文名,需联网核验",规则推断·未核验
438,"GLGFAS,Camelstory",待核验(多品牌组合),待核验,"多品牌拼接,需拆分核实",规则推断·未核验
439,泓乐（Holle）,待核验(中英混合),待核验,"中英混合,通常为真品牌,需逐个搜索",规则推断·未核验
440,MOKITOUL,待核验(英文名),待核验,"英文名,需联网核验",规则推断·未核验
441,LBW,疑似假洋牌(无元音),高,"无元音字母,高风险生造名",规则推断·未核验
442,Easy rest,待核验(英文名),待核验,"英文名,需联网核验",规则推断·未核验
443,Simply Organic,待核验(英文名),待核验,"英文名,需联网核验",规则推断·未核验
444,SEAKISS,待核验(英文名),待核验,"英文名,需联网核验",规则推断·未核验
445,SUMDOY,待核验(英文名),待核验,"英文名,需联网核验",规则推断·未核验
446,SUN ZAPPER,待核验(英文名),待核验,"英文名,需联网核验",规则推断·未核验
447,SEDATE,待核验(英文名),待核验,"英文名,需联网核验",规则推断·未核验
448,"Blue Bottle Coffee,拉瓦萨（LAVAZZA）",待核验(多品牌组合),待核验,"多品牌拼接,需拆分核实",规则推断·未核验
449,baszicare,待核验(英文名),待核验,"英文名,需联网核验",规则推断·未核验
450,"斐泉（fiji）,芙丝（VOSS）",待核验(多品牌组合),待核验,"多品牌拼接,需拆分核实",规则推断·未核验
451,"雪本诗,维蕾德（WELEDA）",待核验(多品牌组合),待核验,"多品牌拼接,需拆分核实",规则推断·未核验
452,"拉薇（Lavera）,101CAFFE",待核验(多品牌组合),待核验,"多品牌拼接,需拆分核实",规则推断·未核验
453,"KIENINGER,霍华德·米勒",待核验(多品牌组合),待核验,"多品牌拼接,需拆分核实",规则推断·未核验
454,APoEM,待核验(英文名),待核验,"英文名,需联网核验",规则推断·未核验
455,"拉瓦萨（LAVAZZA）,BACHA",待核验(多品牌组合),待核验,"多品牌拼接,需拆分核实",规则推断·未核验
456,Mesion,待核验(英文名),待核验,"英文名,需联网核验",规则推断·未核验
457,"JTC,デイフィット",待核验(多品牌组合),待核验,"多品牌拼接,需拆分核实",规则推断·未核验
458,"伴宝乐（Babybio）,佳丽雅（Gallia）",待核验(多品牌组合),待核验,"多品牌拼接,需拆分核实",规则推断·未核验
459,第一三共,非假洋牌(国产),低,需进一步核实,规则推断·未核验
460,Coolkiss,待核验(英文名),待核验,"英文名,需联网核验",规则推断·未核验
461,KRYOLAN,待核验(英文名),待核验,"英文名,需联网核验",规则推断·未核验
462,Treesymbol,待核验(英文名),待核验,"英文名,需联网核验",规则推断·未核验
463,Renova,待核验(英文名),待核验,"英文名,需联网核验",规则推断·未核验
464,美丽蓓菲,非假洋牌(国产),低,需进一步核实,规则推断·未核验
465,Andwarm,待核验(英文名),待核验,"英文名,需联网核验",规则推断·未核验
466,PARRS,待核验(英文名),待核验,"英文名,需联网核验",规则推断·未核验
467,"Nutiva,dost",待核验(多品牌组合),待核验,"多品牌拼接,需拆分核实",规则推断·未核验
468,"Mama&Kids,天然有机彩妆（naturaglacé）",待核验(多品牌组合),待核验,"多品牌拼接,需拆分核实",规则推断·未核验
469,"SWIMS,SKIMS",待核验(多品牌组合),待核验,"多品牌拼接,需拆分核实",规则推断·未核验
470,LANLVX,疑似假洋牌,高,"海外域名但关联中国品牌,疑似海外贴牌",已联网核验
471,South Pacific Salt,待核验(英文名),待核验,"英文名,需联网核验",规则推断·未核验
472,"麦卡伦（MACALLAN）,马爹利名士",待核验(多品牌组合),待核验,"多品牌拼接,需拆分核实",规则推断·未核验
473,Qsimelr,待核验(英文名),待核验,"英文名,需联网核验",规则推断·未核验
474,"红印（Red seal）,美丽诺（Merino）",待核验(多品牌组合),待核验,"多品牌拼接,需拆分核实",规则推断·未核验
475,Losoki,待核验(英文名),待核验,"英文名,需联网核验",规则推断·未核验
476,CHIAYINS,待核验(英文名),待核验,"英文名,需联网核验",规则推断·未核验
477,"South Pacific Salt,SOEOS",待核验(多品牌组合),待核验,"多品牌拼接,需拆分核实",规则推断·未核验
478,"云雾之湾,野格（Jagerneister）",待核验(多品牌组合),待核验,"多品牌拼接,需拆分核实",规则推断·未核验
479,牛栏（Cow&Gate）,待核验(中英混合),待核验,"中英混合,通常为真品牌,需逐个搜索",规则推断·未核验
480,Bubs,待核验(英文名),待核验,"英文名,需联网核验",规则推断·未核验
481,LONGTAKE,待核验(英文名),待核验,"英文名,需联网核验",规则推断·未核验
482,"小红帽（Julius Meinl）,Segafredo",待核验(多品牌组合),待核验,"多品牌拼接,需拆分核实",规则推断·未核验
483,La Pavoni,待核验(英文名),待核验,"英文名,需联网核验",规则推断·未核验
484,圣元（Synutra）,待核验(中英混合),待核验,"中英混合,通常为真品牌,需逐个搜索",规则推断·未核验
485,雅蔻（ARTDECO）,待核验(中英混合),待核验,"中英混合,通常为真品牌,需逐个搜索",规则推断·未核验
486,"BLACK SOUL COFFEE,MOKADOR",待核验(多品牌组合),待核验,"多品牌拼接,需拆分核实",规则推断·未核验
487,JAADE,待核验(英文名),待核验,"英文名,需联网核验",规则推断·未核验
488,Noodle & Boo,待核验(英文名),待核验,"英文名,需联网核验",规则推断·未核验
489,摩可纳（Moccona）,待核验(中英混合),待核验,"中英混合,通常为真品牌,需逐个搜索",规则推断·未核验
490,贝臣（Bübchen）,待核验(中英混合),待核验,"中英混合,通常为真品牌,需逐个搜索",规则推断·未核验
491,EWKELITE,待核验(英文名),待核验,"英文名,需联网核验",规则推断·未核验
492,"CAMELICIOUS,AL AIN",待核验(多品牌组合),待核验,"多品牌拼接,需拆分核实",规则推断·未核验
493,novalac,待核验(英文名),待核验,"英文名,需联网核验",规则推断·未核验
494,INSIUM,待核验(英文名),待核验,"英文名,需联网核验",规则推断·未核验
495,益周适（PARODONTAX）,待核验(中英混合),待核验,"中英混合,通常为真品牌,需逐个搜索",规则推断·未核验
496,ROYOU,待核验(英文名),待核验,"英文名,需联网核验",规则推断·未核验
497,"ORUNCUER,KLRA",待核验(多品牌组合),待核验,"多品牌拼接,需拆分核实",规则推断·未核验
498,GURKHA PROTEC,待核验(英文名),待核验,"英文名,需联网核验",规则推断·未核验
499,德运（Devondale）,待核验(中英混合),待核验,"中英混合,通常为真品牌,需逐个搜索",规则推断·未核验
500,"HARMONIA ·FAITH,白井田七",待核验(多品牌组合),待核验,"多品牌拼接,需拆分核实",规则推断·未核验
501,海娜,非假洋牌(国产),低,需进一步核实,规则推断·未核验
502,家宝素（Carbroso）,待核验(中英混合),待核验,"中英混合,通常为真品牌,需逐个搜索",规则推断·未核验
503,泡泡玉,非假洋牌(国产),低,需进一步核实,规则推断·未核验
504,宝贝与我（Arla）,待核验(中英混合),待核验,"中英混合,通常为真品牌,需逐个搜索",规则推断·未核验
505,农心（NONGSHIM）,待核验(中英混合),待核验,"中英混合,通常为真品牌,需逐个搜索",规则推断·未核验
506,生鲜本能（instinct）,待核验(中英混合),待核验,"中英混合,通常为真品牌,需逐个搜索",规则推断·未核验
507,"SANOTINT,nature bud",待核验(多品牌组合),待核验,"多品牌拼接,需拆分核实",规则推断·未核验
508,"NUTRISOURCE,生鲜本能（instinct）",待核验(多品牌组合),待核验,"多品牌拼接,需拆分核实",规则推断·未核验
509,NUTRISOURCE,待核验(英文名),待核验,"英文名,需联网核验",规则推断·未核验
510,芭乐雅（Balea）,待核验(中英混合),待核验,"中英混合,通常为真品牌,需逐个搜索",规则推断·未核验
511,"秀雅韩（Sooryehan）,LONGTAKE",待核验(多品牌组合),待核验,"多品牌拼接,需拆分核实",规则推断·未核验
512,YERENTANG,待核验(英文名),待核验,"英文名,需联网核验",规则推断·未核验
513,吾诺（UNO）,待核验(中英混合),待核验,"中英混合,通常为真品牌,需逐个搜索",规则推断·未核验
514,Easevia,待核验(英文名),待核验,"英文名,需联网核验",规则推断·未核验
515,"Nutiva,MANITOBA MILLING CO.",待核验(多品牌组合),待核验,"多品牌拼接,需拆分核实",规则推断·未核验
516,"COLLI EUGANEI,飞葡",待核验(多品牌组合),待核验,"多品牌拼接,需拆分核实",规则推断·未核验
517,EGW,待核验(英文名),待核验,"英文名,需联网核验",规则推断·未核验
518,思贝格（Seeberger）,待核验(中英混合),待核验,"中英混合,通常为真品牌,需逐个搜索",规则推断·未核验
519,"贝尼诗（Beanies）,ostte",待核验(多品牌组合),待核验,"多品牌拼接,需拆分核实",规则推断·未核验
520,Wishine,待核验(英文名),待核验,"英文名,需联网核验",规则推断·未核验
521,体吉（TIGI）,待核验(中英混合),待核验,"中英混合,通常为真品牌,需逐个搜索",规则推断·未核验
522,CALVIAKRIM,待核验(英文名),待核验,"英文名,需联网核验",规则推断·未核验
523,"爱诗魅（LABORATOIRE DERMATOLOGIQUE ACM）,Malin+Goetz",待核验(多品牌组合),待核验,"多品牌拼接,需拆分核实",规则推断·未核验
524,"蜜浓（MINON）,hiritu",待核验(多品牌组合),待核验,"多品牌拼接,需拆分核实",规则推断·未核验
525,"吉拉（JURA）,艾伦（Arran）",待核验(多品牌组合),待核验,"多品牌拼接,需拆分核实",规则推断·未核验
526,YILLER,待核验(英文名),待核验,"英文名,需联网核验",规则推断·未核验
527,"鲁臣世家庄园（Chateau Rauzan Segla）,滴金庄园",待核验(多品牌组合),待核验,"多品牌拼接,需拆分核实",规则推断·未核验
528,"WATUS,Derlla",待核验(多品牌组合),待核验,"多品牌拼接,需拆分核实",规则推断·未核验
529,"Tommee Tippee,Nestle",待核验(多品牌组合),待核验,"多品牌拼接,需拆分核实",规则推断·未核验
530,爱德兰丝（Aderans）,待核验(中英混合),待核验,"中英混合,通常为真品牌,需逐个搜索",规则推断·未核验
531,"Dermaroller,XCELLARISPRO",待核验(多品牌组合),待核验,"多品牌拼接,需拆分核实",规则推断·未核验
532,效力多,非假洋牌(国产),低,需进一步核实,规则推断·未核验
533,"NANAMICA,BEAMS",待核验(多品牌组合),待核验,"多品牌拼接,需拆分核实",规则推断·未核验
534,"乐天（LOTTE）,理本（Ribon）",待核验(多品牌组合),待核验,"多品牌拼接,需拆分核实",规则推断·未核验
535,PRORASO,待核验(英文名),待核验,"英文名,需联网核验",规则推断·未核验
536,EDWIN JAGGER,待核验(英文名),待核验,"英文名,需联网核验",规则推断·未核验
537,"SWANSON,life extension",待核验(多品牌组合),待核验,"多品牌拼接,需拆分核实",规则推断·未核验
538,Masata,待核验(英文名),待核验,"英文名,需联网核验",规则推断·未核验
539,saindak,待核验(英文名),待核验,"英文名,需联网核验",规则推断·未核验
540,DimairT,待核验(英文名),待核验,"英文名,需联网核验",规则推断·未核验
541,MATCHAFUL,待核验(英文名),待核验,"英文名,需联网核验",规则推断·未核验
542,"TRANACIX,BIOTOPIX",待核验(多品牌组合),待核验,"多品牌拼接,需拆分核实",规则推断·未核验
543,SELMEL,待核验(英文名),待核验,"英文名,需联网核验",规则推断·未核验
544,TANVEER SALT,待核验(英文名),待核验,"英文名,需联网核验",规则推断·未核验
545,"艾帝达姆（INEDIT DAMM）,维森（Weihenstephaner）",待核验(多品牌组合),待核验,"多品牌拼接,需拆分核实",规则推断·未核验
546,"DOMIAMIA,迪士尼（Disney）",待核验(多品牌组合),待核验,"多品牌拼接,需拆分核实",规则推断·未核验
547,Allowish,待核验(英文名),待核验,"英文名,需联网核验",规则推断·未核验
548,"Jack N' Jill,femfresh",待核验(多品牌组合),待核验,"多品牌拼接,需拆分核实",规则推断·未核验
549,Babix,待核验(英文名),待核验,"英文名,需联网核验",规则推断·未核验
550,"SABORJAMON,精元（JINGYUAN）",待核验(多品牌组合),待核验,"多品牌拼接,需拆分核实",规则推断·未核验
551,"Tropical Fields,金宝乐（Golden Boronia）",待核验(多品牌组合),待核验,"多品牌拼接,需拆分核实",规则推断·未核验
552,哲库林,非假洋牌(国产),低,需进一步核实,规则推断·未核验
553,"铂金（PT）,佳迷（COERMY）",待核验(多品牌组合),待核验,"多品牌拼接,需拆分核实",规则推断·未核验
554,"AVRIL,SunRype",待核验(多品牌组合),待核验,"多品牌拼接,需拆分核实",规则推断·未核验
555,DR.ORACLE,待核验(英文名),待核验,"英文名,需联网核验",规则推断·未核验
556,QIANLEE,待核验(英文名),待核验,"英文名,需联网核验",规则推断·未核验
557,YSSKK,疑似假洋牌(无元音),高,"无元音字母,高风险生造名",规则推断·未核验
558,betweena,待核验(英文名),待核验,"英文名,需联网核验",规则推断·未核验
559,ReFa,待核验(英文名),待核验,"英文名,需联网核验",规则推断·未核验
560,Sensatia,待核验(英文名),待核验,"英文名,需联网核验",规则推断·未核验
561,REVISIS,待核验(英文名),待核验,"英文名,需联网核验",规则推断·未核验
562,VISN,待核验(英文名),待核验,"英文名,需联网核验",规则推断·未核验
563,Colongon,待核验(英文名),待核验,"英文名,需联网核验",规则推断·未核验
564,"Outlier,STAUD BEAUTY",待核验(多品牌组合),待核验,"多品牌拼接,需拆分核实",规则推断·未核验
565,"幻帝,诺奥",待核验(多品牌组合),待核验,"多品牌拼接,需拆分核实",规则推断·未核验
566,加州宝宝（California baby）,待核验(中英混合),待核验,"中英混合,通常为真品牌,需逐个搜索",规则推断·未核验
567,"泰谷（TAGUS）,艾帝达姆（INEDIT DAMM）",待核验(多品牌组合),待核验,"多品牌拼接,需拆分核实",规则推断·未核验
568,"唯他可可（ALL MARKET）,彩響",待核验(多品牌组合),待核验,"多品牌拼接,需拆分核实",规则推断·未核验
569,"纪梵哲GIVANZE,纪梵哲",待核验(多品牌组合),待核验,"多品牌拼接,需拆分核实",规则推断·未核验
570,喜宝（HiPP）,待核验(中英混合),待核验,"中英混合,通常为真品牌,需逐个搜索",规则推断·未核验
571,每日（Maeil）,待核验(中英混合),待核验,"中英混合,通常为真品牌,需逐个搜索",规则推断·未核验
572,"Losoki,菊正宗",待核验(多品牌组合),待核验,"多品牌拼接,需拆分核实",规则推断·未核验
573,SIBERIAN WELLNESS,待核验(英文名),待核验,"英文名,需联网核验",规则推断·未核验
574,"Oxeagle,斯旺森（SWANSON）",待核验(多品牌组合),待核验,"多品牌拼接,需拆分核实",规则推断·未核验
575,白牡丹,非假洋牌(国产),低,需进一步核实,规则推断·未核验
576,soffell,待核验(英文名),待核验,"英文名,需联网核验",规则推断·未核验
577,WDW,疑似假洋牌(无元音),高,"无元音字母,高风险生造名",规则推断·未核验
578,FMUKE,待核验(英文名),待核验,"英文名,需联网核验",规则推断·未核验
579,MURUEL / 牧麗兒,待核验(多品牌组合),待核验,"多品牌拼接,需拆分核实",规则推断·未核验
580,OVQ,待核验(英文名),待核验,"英文名,需联网核验",规则推断·未核验
581,特福（Tefal）,待核验(中英混合),待核验,"中英混合,通常为真品牌,需逐个搜索",规则推断·未核验
582,"星之卡比,面包超人 ANPANMAN",待核验(多品牌组合),待核验,"多品牌拼接,需拆分核实",规则推断·未核验
583,PRIMAL,待核验(英文名),待核验,"英文名,需联网核验",规则推断·未核验
584,Perspirex,待核验(英文名),待核验,"英文名,需联网核验",规则推断·未核验
585,贺寿利（Healtheries）,待核验(中英混合),待核验,"中英混合,通常为真品牌,需逐个搜索",规则推断·未核验
586,Lechepus,待核验(英文名),待核验,"英文名,需联网核验",规则推断·未核验
587,ADVION,待核验(英文名),待核验,"英文名,需联网核验",规则推断·未核验
588,"闻绮（Venchi）,patchi",待核验(多品牌组合),待核验,"多品牌拼接,需拆分核实",规则推断·未核验
589,NANOCARE,待核验(英文名),待核验,"英文名,需联网核验",规则推断·未核验
590,德国世家（Dr.Hauschka）,待核验(中英混合),待核验,"中英混合,通常为真品牌,需逐个搜索",规则推断·未核验
591,SOS,待核验(英文名),待核验,"英文名,需联网核验",规则推断·未核验
592,STBRIN,疑似假洋牌,高,"查无母国信息,高度疑似假洋牌",已联网核验
593,Dr.Nanna,待核验(英文名),待核验,"英文名,需联网核验",规则推断·未核验
594,"银雫,银の雫",待核验(多品牌组合),待核验,"多品牌拼接,需拆分核实",规则推断·未核验
595,"HAPPY VILLAGE,SUNNY FRUIT",待核验(多品牌组合),待核验,"多品牌拼接,需拆分核实",规则推断·未核验
596,THINKBABY,待核验(英文名),待核验,"英文名,需联网核验",规则推断·未核验
597,Cellevate 神幹美,待核验(中英混合),待核验,"中英混合,通常为真品牌,需逐个搜索",规则推断·未核验
598,"爱薇牛（jersey）,BTNATURE",待核验(多品牌组合),待核验,"多品牌拼接,需拆分核实",规则推断·未核验
599,利尻昆布,非假洋牌(国产),低,需进一步核实,规则推断·未核验
600,OIMG,待核验(英文名),待核验,"英文名,需联网核验",规则推断·未核验
601,ZHENMI,待核验(英文名),待核验,"英文名,需联网核验",规则推断·未核验
602,"山崎（Yamazaki）,麦卡伦（MACALLAN）",待核验(多品牌组合),待核验,"多品牌拼接,需拆分核实",规则推断·未核验
603,PUNOMO,待核验(英文名),待核验,"英文名,需联网核验",规则推断·未核验
604,"喜宝（HiPP）,森宝（Semper）",待核验(多品牌组合),待核验,"多品牌拼接,需拆分核实",规则推断·未核验
605,"芭乐雅（Balea）,艾薇德（Alverde）",待核验(多品牌组合),待核验,"多品牌拼接,需拆分核实",规则推断·未核验
606,ANNY,待核验(英文名),待核验,"英文名,需联网核验",规则推断·未核验
607,"博格步（BUGABOO）,karmababy",待核验(多品牌组合),待核验,"多品牌拼接,需拆分核实",规则推断·未核验
608,MEVE,待核验(英文名),待核验,"英文名,需联网核验",规则推断·未核验
609,"日出寿,VAPE",待核验(多品牌组合),待核验,"多品牌拼接,需拆分核实",规则推断·未核验
610,"Gm,日本汉方",待核验(多品牌组合),待核验,"多品牌拼接,需拆分核实",规则推断·未核验
611,真珠肌,非假洋牌(国产),低,需进一步核实,规则推断·未核验
612,"四万十川,菊正宗",待核验(多品牌组合),待核验,"多品牌拼接,需拆分核实",规则推断·未核验
613,"Catz finefood,MJAMJAM",待核验(多品牌组合),待核验,"多品牌拼接,需拆分核实",规则推断·未核验
614,"UNIMAT,Horbaach",待核验(多品牌组合),待核验,"多品牌拼接,需拆分核实",规则推断·未核验
615,"其他家,Vital Essentials",待核验(多品牌组合),待核验,"多品牌拼接,需拆分核实",规则推断·未核验
616,倩诗丽（CEZANNE）,待核验(中英混合),待核验,"中英混合,通常为真品牌,需逐个搜索",规则推断·未核验
617,Nuilaa,待核验(英文名),待核验,"英文名,需联网核验",规则推断·未核验
618,Only Organic,待核验(英文名),待核验,"英文名,需联网核验",规则推断·未核验
619,Krauterhof,待核验(英文名),待核验,"英文名,需联网核验",规则推断·未核验
620,"MAGIOPY,ANYSMIC",待核验(多品牌组合),待核验,"多品牌拼接,需拆分核实",规则推断·未核验
621,NOUGAT,待核验(英文名),待核验,"英文名,需联网核验",规则推断·未核验
622,"Dilab,PURELUXE",待核验(多品牌组合),待核验,"多品牌拼接,需拆分核实",规则推断·未核验
623,aimeangel,待核验(英文名),待核验,"英文名,需联网核验",规则推断·未核验
624,"木桐嘉棣（MOUTON CADET）,XD",待核验(多品牌组合),待核验,"多品牌拼接,需拆分核实",规则推断·未核验
625,桃瑞丹,非假洋牌(国产),低,需进一步核实,规则推断·未核验
626,哥伦布斯（COLUMBUS）,待核验(中英混合),待核验,"中英混合,通常为真品牌,需逐个搜索",规则推断·未核验
627,"富山薬品,星睿肌（RECORE SERUM）",待核验(多品牌组合),待核验,"多品牌拼接,需拆分核实",规则推断·未核验
628,LUMINEUX,待核验(英文名),待核验,"英文名,需联网核验",规则推断·未核验
629,"克拉米伦庄园（Chateau Clerc Milon）,仓吉",待核验(多品牌组合),待核验,"多品牌拼接,需拆分核实",规则推断·未核验
630,FRETTE,待核验(英文名),待核验,"英文名,需联网核验",规则推断·未核验
631,"普瑞纳（PURINA）,德姆克",待核验(多品牌组合),待核验,"多品牌拼接,需拆分核实",规则推断·未核验
632,"GAIA,Moccona",待核验(多品牌组合),待核验,"多品牌拼接,需拆分核实",规则推断·未核验
633,"燃力士,ALPRO",待核验(多品牌组合),待核验,"多品牌拼接,需拆分核实",规则推断·未核验
634,"若鹤,银雫",待核验(多品牌组合),待核验,"多品牌拼接,需拆分核实",规则推断·未核验
635,"猛士（Moenchshof）,唯森",待核验(多品牌组合),待核验,"多品牌拼接,需拆分核实",规则推断·未核验
636,RAID - BESKYT DIG OG DIN FAMILIE,待核验(英文名),待核验,"英文名,需联网核验",规则推断·未核验
637,GLOW-LAB,待核验(英文名),待核验,"英文名,需联网核验",规则推断·未核验
638,"玛尔斯（MARVIS）,SANOTINT",待核验(多品牌组合),待核验,"多品牌拼接,需拆分核实",规则推断·未核验
639,"久保田（KUBOTA）,KONISHI",待核验(多品牌组合),待核验,"多品牌拼接,需拆分核实",规则推断·未核验
640,"SAVANNA ORCHARDS,万多福",待核验(多品牌组合),待核验,"多品牌拼接,需拆分核实",规则推断·未核验
641,BIOXSINE,待核验(英文名),待核验,"英文名,需联网核验",规则推断·未核验
642,"BLESS,立喜乐（ORIHIRO）",待核验(多品牌组合),待核验,"多品牌拼接,需拆分核实",规则推断·未核验
643,DNG,疑似假洋牌(无元音),高,"无元音字母,高风险生造名",规则推断·未核验
644,"奥纯冠（Nature One Dairy）,喜宝（HiPP）",待核验(多品牌组合),待核验,"多品牌拼接,需拆分核实",规则推断·未核验
645,"艾帝达姆（INEDIT DAMM）,泰谷（TAGUS）",待核验(多品牌组合),待核验,"多品牌拼接,需拆分核实",规则推断·未核验
646,"法老传说（KARL'S SCEPTER）,VILLA MARIA",待核验(多品牌组合),待核验,"多品牌拼接,需拆分核实",规则推断·未核验
647,HARNN,待核验(英文名),待核验,"英文名,需联网核验",规则推断·未核验
648,"Bottega di LungaVita Natural Products,Bottega di LungaVita",待核验(多品牌组合),待核验,"多品牌拼接,需拆分核实",规则推断·未核验
649,Bio Series,待核验(英文名),待核验,"英文名,需联网核验",规则推断·未核验
650,松山油脂,非假洋牌(国产),低,需进一步核实,规则推断·未核验
651,"吉尔斯图尔特（Jill Stuart）,凯朵（KATE）",待核验(多品牌组合),待核验,"多品牌拼接,需拆分核实",规则推断·未核验
652,VRSUK,待核验(英文名),待核验,"英文名,需联网核验",规则推断·未核验
653,"其他家,洋精灵",待核验(多品牌组合),待核验,"多品牌拼接,需拆分核实",规则推断·未核验
654,"克斯阿苏尔,十四代",待核验(多品牌组合),待核验,"多品牌拼接,需拆分核实",规则推断·未核验
655,"ABRAU,Jenke Vineyards",待核验(多品牌组合),待核验,"多品牌拼接,需拆分核实",规则推断·未核验
656,Jackit,待核验(英文名),待核验,"英文名,需联网核验",规则推断·未核验
657,POLO CLUB ORIGINAL,待核验(英文名),待核验,"英文名,需联网核验",规则推断·未核验
658,"APCLAB,Le Tan",待核验(多品牌组合),待核验,"多品牌拼接,需拆分核实",规则推断·未核验
659,"轩尼诗Hennessy,红旗沙",待核验(多品牌组合),待核验,"多品牌拼接,需拆分核实",规则推断·未核验
660,"拉瓦萨（LAVAZZA）,David's Cookies",待核验(多品牌组合),待核验,"多品牌拼接,需拆分核实",规则推断·未核验
661,珍殿,非假洋牌(国产),低,需进一步核实,规则推断·未核验
662,Bonne,待核验(英文名),待核验,"英文名,需联网核验",规则推断·未核验
663,造小社,非假洋牌(国产),低,需进一步核实,规则推断·未核验
664,LUERLING,待核验(英文名),待核验,"英文名,需联网核验",规则推断·未核验
665,SWINKELS FAMILY BREWERS,待核验(英文名),待核验,"英文名,需联网核验",规则推断·未核验
666,zeinpharma,待核验(英文名),待核验,"英文名,需联网核验",规则推断·未核验
667,Caprilac,待核验(英文名),待核验,"英文名,需联网核验",规则推断·未核验
668,"Jenke Vineyards,世界名庄（Fine Wine）",待核验(多品牌组合),待核验,"多品牌拼接,需拆分核实",规则推断·未核验
669,"NAPLA,milbon",待核验(多品牌组合),待核验,"多品牌拼接,需拆分核实",规则推断·未核验
670,BUNNY NATURE,待核验(英文名),待核验,"英文名,需联网核验",规则推断·未核验
671,顺峰宝宝,非假洋牌(国产),低,需进一步核实,规则推断·未核验
672,"RIDESAFER,BUBBLE BUM",待核验(多品牌组合),待核验,"多品牌拼接,需拆分核实",规则推断·未核验
673,"Natio,Healthy Care",待核验(多品牌组合),待核验,"多品牌拼接,需拆分核实",规则推断·未核验
674,"Naturata,bett'r GUILT FREE",待核验(多品牌组合),待核验,"多品牌拼接,需拆分核实",规则推断·未核验
675,"昆庭（CHRISTOFLE）,KAGAMI",待核验(多品牌组合),待核验,"多品牌拼接,需拆分核实",规则推断·未核验
676,"NROKEN,野口",待核验(多品牌组合),待核验,"多品牌拼接,需拆分核实",规则推断·未核验
677,"柳宗理,NUDE努德",待核验(多品牌组合),待核验,"多品牌拼接,需拆分核实",规则推断·未核验
678,"喜宝（HiPP）,Hero Baby",待核验(多品牌组合),待核验,"多品牌拼接,需拆分核实",规则推断·未核验
679,"BTNature,Oli6",待核验(多品牌组合),待核验,"多品牌拼接,需拆分核实",规则推断·未核验
680,"四万十川,沃尔克斯（Walkers）",待核验(多品牌组合),待核验,"多品牌拼接,需拆分核实",规则推断·未核验
681,ALAK,待核验(英文名),待核验,"英文名,需联网核验",规则推断·未核验
682,"POLIGRIP,FRUIT OF THE EARTH",待核验(多品牌组合),待核验,"多品牌拼接,需拆分核实",规则推断·未核验
683,酷彩（Le Creuset）,待核验(中英混合),待核验,"中英混合,通常为真品牌,需逐个搜索",规则推断·未核验
684,"德国汉堡（Hamburg-B）,港优",待核验(多品牌组合),待核验,"多品牌拼接,需拆分核实",规则推断·未核验
685,LBR,疑似假洋牌(无元音),高,"无元音字母,高风险生造名",规则推断·未核验
686,"哲库林,爱科博纳-燃酒灵（AlcoBurner）",待核验(多品牌组合),待核验,"多品牌拼接,需拆分核实",规则推断·未核验
687,"NUTRISOURCE,PRIMAL",待核验(多品牌组合),待核验,"多品牌拼接,需拆分核实",规则推断·未核验
688,PALOMA,待核验(英文名),待核验,"英文名,需联网核验",规则推断·未核验
689,"亚发（AhHuat）,旧街场（OLDTOWN）",待核验(多品牌组合),待核验,"多品牌拼接,需拆分核实",规则推断·未核验
690,日本叮叮,非假洋牌(国产),低,需进一步核实,规则推断·未核验
691,"贝拉米（Bellamy's）,HERO BABY",待核验(多品牌组合),待核验,"多品牌拼接,需拆分核实",规则推断·未核验
692,"焙可美（RBV-Birkmann）,MBA",待核验(多品牌组合),待核验,"多品牌拼接,需拆分核实",规则推断·未核验
693,"菊正宗,惬而格林",待核验(多品牌组合),待核验,"多品牌拼接,需拆分核实",规则推断·未核验
694,"贝娜婷（Penaten）,Ajona",待核验(多品牌组合),待核验,"多品牌拼接,需拆分核实",规则推断·未核验
695,"永润福,木桐嘉棣（MOUTON CADET）",待核验(多品牌组合),待核验,"多品牌拼接,需拆分核实",规则推断·未核验
696,苏美（sumei）,待核验(中英混合),待核验,"中英混合,通常为真品牌,需逐个搜索",规则推断·未核验
697,"日,Phoherb",待核验(多品牌组合),待核验,"多品牌拼接,需拆分核实",规则推断·未核验
698,"Hero Baby,纽迪希亚（nutricia）",待核验(多品牌组合),待核验,"多品牌拼接,需拆分核实",规则推断·未核验
699,"黑桃A（Armand de Brignac）,而今",待核验(多品牌组合),待核验,"多品牌拼接,需拆分核实",规则推断·未核验
700,"HEALTH,KirkLand",待核验(多品牌组合),待核验,"多品牌拼接,需拆分核实",规则推断·未核验
701,"GUM,GUM HYDRAL",待核验(多品牌组合),待核验,"多品牌拼接,需拆分核实",规则推断·未核验
702,BIBZIZ,待核验(英文名),待核验,"英文名,需联网核验",规则推断·未核验
703,SEMPER,待核验(英文名),待核验,"英文名,需联网核验",规则推断·未核验
704,"BIOSUNN,NORSDOM",待核验(多品牌组合),待核验,"多品牌拼接,需拆分核实",规则推断·未核验
705,BKAK,待核验(英文名),待核验,"英文名,需联网核验",规则推断·未核验
706,DIRASS,待核验(英文名),待核验,"英文名,需联网核验",规则推断·未核验
707,physiodose,待核验(英文名),待核验,"英文名,需联网核验",规则推断·未核验
708,"Derlla,Gerllo",待核验(多品牌组合),待核验,"多品牌拼接,需拆分核实",规则推断·未核验
709,"东字,三育",待核验(多品牌组合),待核验,"多品牌拼接,需拆分核实",规则推断·未核验
710,KAGAMI,待核验(英文名),待核验,"英文名,需联网核验",规则推断·未核验
711,希尔思Hill‘s,待核验(中英混合),待核验,"中英混合,通常为真品牌,需逐个搜索",规则推断·未核验
712,OLLY,待核验(英文名),待核验,"英文名,需联网核验",规则推断·未核验
713,"生鲜本能（instinct）,美士",待核验(多品牌组合),待核验,"多品牌拼接,需拆分核实",规则推断·未核验
714,CUCCIO,待核验(英文名),待核验,"英文名,需联网核验",规则推断·未核验
715,"生鲜本能（instinct）,NUTRISOURCE",待核验(多品牌组合),待核验,"多品牌拼接,需拆分核实",规则推断·未核验
716,"Jack N' Jill,NATIO",待核验(多品牌组合),待核验,"多品牌拼接,需拆分核实",规则推断·未核验
717,"NUDE努德,德运（Devondale）",待核验(多品牌组合),待核验,"多品牌拼接,需拆分核实",规则推断·未核验
718,近江兄弟,非假洋牌(国产),低,需进一步核实,规则推断·未核验
719,YAKTRAX,待核验(英文名),待核验,"英文名,需联网核验",规则推断·未核验
720,特福芬（Topfer）,待核验(中英混合),待核验,"中英混合,通常为真品牌,需逐个搜索",规则推断·未核验
721,IRANY,待核验(英文名),待核验,"英文名,需联网核验",规则推断·未核验
722,"克雷蒙（Cranimals）,Natural Animal Solutions",待核验(多品牌组合),待核验,"多品牌拼接,需拆分核实",规则推断·未核验
723,贝拉米（Bellamy's）,待核验(中英混合),待核验,"中英混合,通常为真品牌,需逐个搜索",规则推断·未核验
724,"其他家,猛士（Moenchshof）",待核验(多品牌组合),待核验,"多品牌拼接,需拆分核实",规则推断·未核验
725,DERMOXEN,待核验(英文名),待核验,"英文名,需联网核验",规则推断·未核验
726,"磨栏风车（De Molen）,凡人Mortalis",待核验(多品牌组合),待核验,"多品牌拼接,需拆分核实",规则推断·未核验
727,PORT BUDDY,待核验(英文名),待核验,"英文名,需联网核验",规则推断·未核验
728,EIGHT AT THE GATE,待核验(英文名),待核验,"英文名,需联网核验",规则推断·未核验
729,子母（DUTCH LADY）,待核验(中英混合),待核验,"中英混合,通常为真品牌,需逐个搜索",规则推断·未核验
730,"燃力士,森永（Morinaga）",待核验(多品牌组合),待核验,"多品牌拼接,需拆分核实",规则推断·未核验
731,"科拿（Conaprole）,Horizon Organic",待核验(多品牌组合),待核验,"多品牌拼接,需拆分核实",规则推断·未核验
732,"XIKAR,COLIBRI",待核验(多品牌组合),待核验,"多品牌拼接,需拆分核实",规则推断·未核验
733,"菊正宗,丽珍贝加尔",待核验(多品牌组合),待核验,"多品牌拼接,需拆分核实",规则推断·未核验
734,"高丝（Kose）,MA＆ME LATTE",待核验(多品牌组合),待核验,"多品牌拼接,需拆分核实",规则推断·未核验
735,"沃尔克斯（Walkers）,鸟海誉",待核验(多品牌组合),待核验,"多品牌拼接,需拆分核实",规则推断·未核验
736,"FANAWAY,LUCCI AIR",待核验(多品牌组合),待核验,"多品牌拼接,需拆分核实",规则推断·未核验
737,ROCKMACHERIN,待核验(英文名),待核验,"英文名,需联网核验",规则推断·未核验
738,"WESTGOLD,芝芙莲（GIFFARINE）",待核验(多品牌组合),待核验,"多品牌拼接,需拆分核实",规则推断·未核验
739,"ZKHE,PLAYADITO",待核验(多品牌组合),待核验,"多品牌拼接,需拆分核实",规则推断·未核验
740,"伦士度,晨洁（PURE）",待核验(多品牌组合),待核验,"多品牌拼接,需拆分核实",规则推断·未核验
741,NOW FRESH,待核验(英文名),待核验,"英文名,需联网核验",规则推断·未核验
742,"Wealthy Health,贝拉米（Bellamy's）",待核验(多品牌组合),待核验,"多品牌拼接,需拆分核实",规则推断·未核验
743,Jack N' Jill,待核验(英文名),待核验,"英文名,需联网核验",规则推断·未核验
744,"维佳善,阪聖",待核验(多品牌组合),待核验,"多品牌拼接,需拆分核实",规则推断·未核验
745,"乡间生活（COUNTRY LIFE）,VENUS",待核验(多品牌组合),待核验,"多品牌拼接,需拆分核实",规则推断·未核验
746,"Fertilix,Unisom",待核验(多品牌组合),待核验,"多品牌拼接,需拆分核实",规则推断·未核验
747,"万宁;MANNINGS,海狗丸",待核验(多品牌组合),待核验,"多品牌拼接,需拆分核实",规则推断·未核验
748,"Abtei,ABTEI",待核验(多品牌组合),待核验,"多品牌拼接,需拆分核实",规则推断·未核验
749,"馬祖高粱酒（MATSU KAOLIANG LIQUOR）,金门高粱",待核验(多品牌组合),待核验,"多品牌拼接,需拆分核实",规则推断·未核验
750,BTNature,待核验(英文名),待核验,"英文名,需联网核验",规则推断·未核验
751,KHKN,疑似假洋牌(无元音),高,"无元音字母,高风险生造名",规则推断·未核验
752,"BARON PHILIPPE BARON,靓次伯酒庄（CHATEAU LYNCH BAGES）",待核验(多品牌组合),待核验,"多品牌拼接,需拆分核实",规则推断·未核验
753,"菊正宗,未来（VAPE）",待核验(多品牌组合),待核验,"多品牌拼接,需拆分核实",规则推断·未核验
754,"SWANSON,明治药品",待核验(多品牌组合),待核验,"多品牌拼接,需拆分核实",规则推断·未核验
755,瑞一宝,非假洋牌(国产),低,需进一步核实,规则推断·未核验
756,"NANOCARE,LUX",待核验(多品牌组合),待核验,"多品牌拼接,需拆分核实",规则推断·未核验
757,瑚玛娜（Humana）,待核验(中英混合),待核验,"中英混合,通常为真品牌,需逐个搜索",规则推断·未核验
758,INSRE,待核验(英文名),待核验,"英文名,需联网核验",规则推断·未核验
759,"ORIHIRO,万宁;MANNINGS",待核验(多品牌组合),待核验,"多品牌拼接,需拆分核实",规则推断·未核验
760,NUK,待核验(英文名),待核验,"英文名,需联网核验",规则推断·未核验
761,MEXNIA,待核验(英文名),待核验,"英文名,需联网核验",规则推断·未核验
762,"Melvados,LOVE,AFARE",待核验(多品牌组合),待核验,"多品牌拼接,需拆分核实",规则推断·未核验
763,"Top life,Wealthy Health",待核验(多品牌组合),待核验,"多品牌拼接,需拆分核实",规则推断·未核验
764,"朗森,ill corona",待核验(多品牌组合),待核验,"多品牌拼接,需拆分核实",规则推断·未核验
765,狐狸爸爸,非假洋牌(国产),低,需进一步核实,规则推断·未核验
766,小雅象,非假洋牌(国产),低,需进一步核实,规则推断·未核验
767,"HARIO,NUDE努德",待核验(多品牌组合),待核验,"多品牌拼接,需拆分核实",规则推断·未核验
768,"可口可乐（Coca Cola）,三得利Suntory",待核验(多品牌组合),待核验,"多品牌拼接,需拆分核实",规则推断·未核验
769,布朗博士,非假洋牌(国产),低,需进一步核实,规则推断·未核验
770,"CALERIEHEALTH,VEAAG",待核验(多品牌组合),待核验,"多品牌拼接,需拆分核实",规则推断·未核验
771,"Ladyfan,Fogair",待核验(多品牌组合),待核验,"多品牌拼接,需拆分核实",规则推断·未核验
772,"恩特雷,Chobani",待核验(多品牌组合),待核验,"多品牌拼接,需拆分核实",规则推断·未核验
773,"锅岛,极圣",待核验(多品牌组合),待核验,"多品牌拼接,需拆分核实",规则推断·未核验
774,newmo,待核验(英文名),待核验,"英文名,需联网核验",规则推断·未核验
775,RapidLash,待核验(英文名),待核验,"英文名,需联网核验",规则推断·未核验
776,棕榄（PALMOLIVE）,待核验(中英混合),待核验,"中英混合,通常为真品牌,需逐个搜索",规则推断·未核验
777,鱼尾丝（MERSILK）,待核验(中英混合),待核验,"中英混合,通常为真品牌,需逐个搜索",规则推断·未核验
778,卡比（CANIDAE）,待核验(中英混合),待核验,"中英混合,通常为真品牌,需逐个搜索",规则推断·未核验
779,白州,非假洋牌(国产),低,需进一步核实,规则推断·未核验
780,SIERRA DE UTIEL,待核验(英文名),待核验,"英文名,需联网核验",规则推断·未核验
781,STAREAR,待核验(英文名),待核验,"英文名,需联网核验",规则推断·未核验
782,比那氏（Propolinse）,待核验(中英混合),待核验,"中英混合,通常为真品牌,需逐个搜索",规则推断·未核验
783,"DONGWHA,DONGWHA PHARM",待核验(多品牌组合),待核验,"多品牌拼接,需拆分核实",规则推断·未核验
784,朝日啤酒,非假洋牌(国产),低,需进一步核实,规则推断·未核验
785,"Bosisto's,ENYA",待核验(多品牌组合),待核验,"多品牌拼接,需拆分核实",规则推断·未核验
786,GGOM BELLE,待核验(英文名),待核验,"英文名,需联网核验",规则推断·未核验
787,"ele,DU‘IT",待核验(多品牌组合),待核验,"多品牌拼接,需拆分核实",规则推断·未核验
788,"SAWAKI,仓吉（KURAYOSHI）",待核验(多品牌组合),待核验,"多品牌拼接,需拆分核实",规则推断·未核验
789,卡诗,非假洋牌(国产),低,需进一步核实,规则推断·未核验
790,牛栏（bebilon）,待核验(中英混合),待核验,"中英混合,通常为真品牌,需逐个搜索",规则推断·未核验
791,巴斯克（Los Vascos）,待核验(中英混合),待核验,"中英混合,通常为真品牌,需逐个搜索",规则推断·未核验
792,cure,待核验(英文名),待核验,"英文名,需联网核验",规则推断·未核验
793,卡蔓（Casmara）,待核验(中英混合),待核验,"中英混合,通常为真品牌,需逐个搜索",规则推断·未核验
794,宝贝与我,非假洋牌(国产),低,需进一步核实,规则推断·未核验
795,"乐呋,野付",待核验(多品牌组合),待核验,"多品牌拼接,需拆分核实",规则推断·未核验
796,黛伦堡,非假洋牌(国产),低,需进一步核实,规则推断·未核验
797,Mrudee,待核验(英文名),待核验,"英文名,需联网核验",规则推断·未核验
798,"格兰纳里奇（GlenAllachie）,CITADELLE",待核验(多品牌组合),待核验,"多品牌拼接,需拆分核实",规则推断·未核验
799,维蕾德（WELEDA）,待核验(中英混合),待核验,"中英混合,通常为真品牌,需逐个搜索",规则推断·未核验
800,乐敦（ROHTO）,待核验(中英混合),待核验,"中英混合,通常为真品牌,需逐个搜索",规则推断·未核验
801,So Acai,待核验(英文名),待核验,"英文名,需联网核验",规则推断·未核验
802,Maxigenes,待核验(英文名),待核验,"英文名,需联网核验",规则推断·未核验
803,MODAMODA,待核验(英文名),待核验,"英文名,需联网核验",规则推断·未核验
804,"YOSHIKAWA,特福（Tefal）",待核验(多品牌组合),待核验,"多品牌拼接,需拆分核实",规则推断·未核验
805,Original Sprout,待核验(英文名),待核验,"英文名,需联网核验",规则推断·未核验
806,GLGFAS,待核验(英文名),待核验,"英文名,需联网核验",规则推断·未核验
807,潤樽,非假洋牌(国产),低,需进一步核实,规则推断·未核验
808,little remedies,待核验(英文名),待核验,"英文名,需联网核验",规则推断·未核验
809,伯特小蜜蜂（Burt's Bees）,待核验(中英混合),待核验,"中英混合,通常为真品牌,需逐个搜索",规则推断·未核验
810,RYUN,待核验(英文名),待核验,"英文名,需联网核验",规则推断·未核验
811,gli gli,待核验(英文名),待核验,"英文名,需联网核验",规则推断·未核验
812,拉格德克（LAGEDEKE）,待核验(中英混合),待核验,"中英混合,通常为真品牌,需逐个搜索",规则推断·未核验
813,怀尔德,非假洋牌(国产),低,需进一步核实,规则推断·未核验
814,POLO GLOBAL LEAGUE,待核验(英文名),待核验,"英文名,需联网核验",规则推断·未核验
815,"阿华田（Ovaltine）,澳洲",待核验(多品牌组合),待核验,"多品牌拼接,需拆分核实",规则推断·未核验
816,"安格奥斯酒庄（Domaine Anne Gros）,卓龙梦特城堡（CHATEAU TROPLONG MONDOT）",待核验(多品牌组合),待核验,"多品牌拼接,需拆分核实",规则推断·未核验
817,"NusaPure,pipingrock",待核验(多品牌组合),待核验,"多品牌拼接,需拆分核实",规则推断·未核验
818,POKALEN,待核验(英文名),待核验,"英文名,需联网核验",规则推断·未核验
819,"SIDERAL,WAXGREEN",待核验(多品牌组合),待核验,"多品牌拼接,需拆分核实",规则推断·未核验
820,"华大（BGI）,21金维他健优",待核验(多品牌组合),待核验,"多品牌拼接,需拆分核实",规则推断·未核验
821,"科拿（Conaprole）,德运（Devondale）",待核验(多品牌组合),待核验,"多品牌拼接,需拆分核实",规则推断·未核验
822,FARMINA PET FOODS,待核验(英文名),待核验,"英文名,需联网核验",规则推断·未核验
823,"珀莱雅双抗,DONNA",待核验(多品牌组合),待核验,"多品牌拼接,需拆分核实",规则推断·未核验
824,Rosette,待核验(英文名),待核验,"英文名,需联网核验",规则推断·未核验
825,"教士（Franziskaner）,丹麦蓝罐（Kjeldsens）",待核验(多品牌组合),待核验,"多品牌拼接,需拆分核实",规则推断·未核验
826,"SHAWKEA,asahi",待核验(多品牌组合),待核验,"多品牌拼接,需拆分核实",规则推断·未核验
827,"高丝（Kose）,dup",待核验(多品牌组合),待核验,"多品牌拼接,需拆分核实",规则推断·未核验
828,"复轻园,Diiduk",待核验(多品牌组合),待核验,"多品牌拼接,需拆分核实",规则推断·未核验
829,"MiniJumbuk,Unichi",待核验(多品牌组合),待核验,"多品牌拼接,需拆分核实",规则推断·未核验
830,"PO PETROL OFISI,华夏堂",待核验(多品牌组合),待核验,"多品牌拼接,需拆分核实",规则推断·未核验
831,"Primalg,Ruis Olimar",待核验(多品牌组合),待核验,"多品牌拼接,需拆分核实",规则推断·未核验
832,"四万十川,LORETTA",待核验(多品牌组合),待核验,"多品牌拼接,需拆分核实",规则推断·未核验
833,RVIP,待核验(英文名),待核验,"英文名,需联网核验",规则推断·未核验
834,"ORIENTAL KOPI,KEDAI KOPITIAM ORIENTAL KOPI",待核验(多品牌组合),待核验,"多品牌拼接,需拆分核实",规则推断·未核验
835,AMPLEUR,待核验(英文名),待核验,"英文名,需联网核验",规则推断·未核验
836,"大鼻子（BigPeat）,HELLYERS ROAD",待核验(多品牌组合),待核验,"多品牌拼接,需拆分核实",规则推断·未核验
837,"斯莫吉,凯狮（CASS）",待核验(多品牌组合),待核验,"多品牌拼接,需拆分核实",规则推断·未核验
838,"铁尺（tiechi）,SAVANNA ORCHARDS",待核验(多品牌组合),待核验,"多品牌拼接,需拆分核实",规则推断·未核验
839,"德劳特沃（Gerolsteiner）,普雷克斯（Purex）",待核验(多品牌组合),待核验,"多品牌拼接,需拆分核实",规则推断·未核验
840,"SEMPER,森宝（Semper）",待核验(多品牌组合),待核验,"多品牌拼接,需拆分核实",规则推断·未核验
841,"Merino,Alpine Silk",待核验(多品牌组合),待核验,"多品牌拼接,需拆分核实",规则推断·未核验
842,ADIEN,待核验(英文名),待核验,"英文名,需联网核验",规则推断·未核验
843,"BTNature,BTNATURE",待核验(多品牌组合),待核验,"多品牌拼接,需拆分核实",规则推断·未核验
844,"ORIHIRO,菓の道",待核验(多品牌组合),待核验,"多品牌拼接,需拆分核实",规则推断·未核验
845,"Dariya,OTHER/其他",待核验(多品牌组合),待核验,"多品牌拼接,需拆分核实",规则推断·未核验
846,patchi,待核验(英文名),待核验,"英文名,需联网核验",规则推断·未核验
847,"Nature's Way,coromega",待核验(多品牌组合),待核验,"多品牌拼接,需拆分核实",规则推断·未核验
848,EVA PRODUCTS,待核验(英文名),待核验,"英文名,需联网核验",规则推断·未核验
849,"Ianys,LUCKY MONSTER",待核验(多品牌组合),待核验,"多品牌拼接,需拆分核实",规则推断·未核验
850,LP LaPulovce,待核验(英文名),待核验,"英文名,需联网核验",规则推断·未核验
851,"娥佩兰（OPERA）,马油（LOSHI）",待核验(多品牌组合),待核验,"多品牌拼接,需拆分核实",规则推断·未核验
852,"pons,SIERRA DE UTIEL",待核验(多品牌组合),待核验,"多品牌拼接,需拆分核实",规则推断·未核验
853,CHILDS FARM,待核验(英文名),待核验,"英文名,需联网核验",规则推断·未核验
854,RAPPORT,待核验(英文名),待核验,"英文名,需联网核验",规则推断·未核验
855,Karen Murrell,待核验(英文名),待核验,"英文名,需联网核验",规则推断·未核验
856,"丽珍贝加尔,BONZ",待核验(多品牌组合),待核验,"多品牌拼接,需拆分核实",规则推断·未核验
857,"NutriNest,SAOTHAIDUONG",待核验(多品牌组合),待核验,"多品牌拼接,需拆分核实",规则推断·未核验
858,"Ajona,Arya-Laya",待核验(多品牌组合),待核验,"多品牌拼接,需拆分核实",规则推断·未核验
859,Moihanr,待核验(英文名),待核验,"英文名,需联网核验",规则推断·未核验
860,"Turkey Hill Sugarbush,MONGDIES",待核验(多品牌组合),待核验,"多品牌拼接,需拆分核实",规则推断·未核验
861,"Svecymikov,Leypian",待核验(多品牌组合),待核验,"多品牌拼接,需拆分核实",规则推断·未核验
862,Aqualan,待核验(英文名),待核验,"英文名,需联网核验",规则推断·未核验
863,"洛神山庄,佳得美庄园（CH. CANTEMERLE ）",待核验(多品牌组合),待核验,"多品牌拼接,需拆分核实",规则推断·未核验
864,QZEQZE,待核验(英文名),待核验,"英文名,需联网核验",规则推断·未核验
865,"卡农酒庄（Chateau Canon）,白牡丹",待核验(多品牌组合),待核验,"多品牌拼接,需拆分核实",规则推断·未核验
866,"阿舍食堂,XIN LONG YA TEA",待核验(多品牌组合),待核验,"多品牌拼接,需拆分核实",规则推断·未核验
867,"NROKEN,WAXGREEN",待核验(多品牌组合),待核验,"多品牌拼接,需拆分核实",规则推断·未核验
868,"New English Teas,BACHA",待核验(多品牌组合),待核验,"多品牌拼接,需拆分核实",规则推断·未核验
869,NEUE,待核验(英文名),待核验,"英文名,需联网核验",规则推断·未核验
870,"歌润,绽媄娅",待核验(多品牌组合),待核验,"多品牌拼接,需拆分核实",规则推断·未核验
871,"AngelHeart,GARRACK",待核验(多品牌组合),待核验,"多品牌拼接,需拆分核实",规则推断·未核验
872,"Refine,爱丽思（IRIS）",待核验(多品牌组合),待核验,"多品牌拼接,需拆分核实",规则推断·未核验
873,哈根纽翠斯（NUTRIENCE）,待核验(中英混合),待核验,"中英混合,通常为真品牌,需逐个搜索",规则推断·未核验
874,"PAPATYA,澳芝曼（G＆M）",待核验(多品牌组合),待核验,"多品牌拼接,需拆分核实",规则推断·未核验
875,"保美雅（Promina）,Dentek",待核验(多品牌组合),待核验,"多品牌拼接,需拆分核实",规则推断·未核验
876,"巨浪大切（EDOpack）,德运（Devondale）",待核验(多品牌组合),待核验,"多品牌拼接,需拆分核实",规则推断·未核验
877,"小蓝瓶（TAKAMI）,Neck & Deco",待核验(多品牌组合),待核验,"多品牌拼接,需拆分核实",规则推断·未核验
878,"Dariya,Preparation H",待核验(多品牌组合),待核验,"多品牌拼接,需拆分核实",规则推断·未核验
879,"Maxigenes,Healthy Care",待核验(多品牌组合),待核验,"多品牌拼接,需拆分核实",规则推断·未核验
880,DEVIANCE,待核验(英文名),待核验,"英文名,需联网核验",规则推断·未核验
881,"Caprilac,皮爷咖啡",待核验(多品牌组合),待核验,"多品牌拼接,需拆分核实",规则推断·未核验
882,"保牌,Win Win",待核验(多品牌组合),待核验,"多品牌拼接,需拆分核实",规则推断·未核验
883,"MY.ORGANICS,资生堂专业美发（SHISEIDO PROFESSIONAL）",待核验(多品牌组合),待核验,"多品牌拼接,需拆分核实",规则推断·未核验
884,"格兰纳里奇（GlenAllachie）,遊穗",待核验(多品牌组合),待核验,"多品牌拼接,需拆分核实",规则推断·未核验
885,"Turkey Hill Sugarbush,维蕾德（WELEDA）",待核验(多品牌组合),待核验,"多品牌拼接,需拆分核实",规则推断·未核验
886,"三花（CARNATION）,白兰氏（Brands）",待核验(多品牌组合),待核验,"多品牌拼接,需拆分核实",规则推断·未核验
887,"BARON PHILIPPE BARON,贝玛格雷（Bernard Magrez）",待核验(多品牌组合),待核验,"多品牌拼接,需拆分核实",规则推断·未核验
888,"芭乐雅（Balea）,Dontodent",待核验(多品牌组合),待核验,"多品牌拼接,需拆分核实",规则推断·未核验
889,"贝拉米（Bellamy's）,喜宝（HiPP）",待核验(多品牌组合),待核验,"多品牌拼接,需拆分核实",规则推断·未核验
890,"Catz finefood,福摩（Fromm）",待核验(多品牌组合),待核验,"多品牌拼接,需拆分核实",规则推断·未核验
891,"WESTGOLD,海特安可金卡露",待核验(多品牌组合),待核验,"多品牌拼接,需拆分核实",规则推断·未核验
892,"Ajona,MARTINA GEBHARDT",待核验(多品牌组合),待核验,"多品牌拼接,需拆分核实",规则推断·未核验
893,"Off&Relax,Naturie",待核验(多品牌组合),待核验,"多品牌拼接,需拆分核实",规则推断·未核验
894,SUTRICON,待核验(英文名),待核验,"英文名,需联网核验",规则推断·未核验
895,龙角散,非假洋牌(国产),低,需进一步核实,规则推断·未核验
896,妙思乐（Mustela）,待核验(中英混合),待核验,"中英混合,通常为真品牌,需逐个搜索",规则推断·未核验
897,"SWANSON,普丽普莱（Puritan's Pride）",待核验(多品牌组合),待核验,"多品牌拼接,需拆分核实",规则推断·未核验
898,"安速（ARS）,ADVION",待核验(多品牌组合),待核验,"多品牌拼接,需拆分核实",规则推断·未核验
899,TWO HANDS WINES,待核验(英文名),待核验,"英文名,需联网核验",规则推断·未核验
900,"三养（SAMYANG）,日清",待核验(多品牌组合),待核验,"多品牌拼接,需拆分核实",规则推断·未核验
901,"来发记,FRANCO'S",待核验(多品牌组合),待核验,"多品牌拼接,需拆分核实",规则推断·未核验
902,"UNIMAT,pipingrock",待核验(多品牌组合),待核验,"多品牌拼接,需拆分核实",规则推断·未核验
903,"惠宝（White Glo）,杰士派（GATSBY）",待核验(多品牌组合),待核验,"多品牌拼接,需拆分核实",规则推断·未核验
904,SINFI,待核验(英文名),待核验,"英文名,需联网核验",规则推断·未核验
905,"维蕾德（WELEDA）,芭乐雅（Balea）",待核验(多品牌组合),待核验,"多品牌拼接,需拆分核实",规则推断·未核验
906,"NoBrand,一百份（cocoaland LOT100）",待核验(多品牌组合),待核验,"多品牌拼接,需拆分核实",规则推断·未核验
907,"CLAYMORE,Jenke Vineyards",待核验(多品牌组合),待核验,"多品牌拼接,需拆分核实",规则推断·未核验
908,"吉百利（CADBURY）,添爱尊尚咖啡（TNI KING COFFEE）",待核验(多品牌组合),待核验,"多品牌拼接,需拆分核实",规则推断·未核验
909,"Fox's,阿华田（Ovaltine）",待核验(多品牌组合),待核验,"多品牌拼接,需拆分核实",规则推断·未核验
910,"德国华沙,野口",待核验(多品牌组合),待核验,"多品牌拼接,需拆分核实",规则推断·未核验
911,"喜宝（HiPP）,茵缇玛（Intima）",待核验(多品牌组合),待核验,"多品牌拼接,需拆分核实",规则推断·未核验
912,"livon labs,scenkan",待核验(多品牌组合),待核验,"多品牌拼接,需拆分核实",规则推断·未核验
913,"ILEACH,KENTUCKY OWL",待核验(多品牌组合),待核验,"多品牌拼接,需拆分核实",规则推断·未核验
914,Nutiva,待核验(英文名),待核验,"英文名,需联网核验",规则推断·未核验
915,Cheri,待核验(英文名),待核验,"英文名,需联网核验",规则推断·未核验
916,"PIG'S NOSE,SAWAKI",待核验(多品牌组合),待核验,"多品牌拼接,需拆分核实",规则推断·未核验
917,"too faced,Tondi",待核验(多品牌组合),待核验,"多品牌拼接,需拆分核实",规则推断·未核验
918,"睿嫣,妮塔莉雅（Nethallia）",待核验(多品牌组合),待核验,"多品牌拼接,需拆分核实",规则推断·未核验
919,"戈博（GERBER）,MBARC",待核验(多品牌组合),待核验,"多品牌拼接,需拆分核实",规则推断·未核验
920,"DOMAINE JEAN-LOUIS CHAVE,世界名庄（Fine Wine）",待核验(多品牌组合),待核验,"多品牌拼接,需拆分核实",规则推断·未核验
921,"Rofagy,Rewi",待核验(多品牌组合),待核验,"多品牌拼接,需拆分核实",规则推断·未核验
922,"CERVIDOR,NOW",待核验(多品牌组合),待核验,"多品牌拼接,需拆分核实",规则推断·未核验
923,"小龙战舰,托布雷",待核验(多品牌组合),待核验,"多品牌拼接,需拆分核实",规则推断·未核验
924,"MCM,Ameri-Vita",待核验(多品牌组合),待核验,"多品牌拼接,需拆分核实",规则推断·未核验
925,"DANA ESTATES,拉蒙蒂耶（LARMANDIER-BERNIER）",待核验(多品牌组合),待核验,"多品牌拼接,需拆分核实",规则推断·未核验
926,"铁尺（tiechi）,莱茵",待核验(多品牌组合),待核验,"多品牌拼接,需拆分核实",规则推断·未核验
927,Lazy Society,待核验(英文名),待核验,"英文名,需联网核验",规则推断·未核验
928,"澳洲,AOMEVOR",待核验(多品牌组合),待核验,"多品牌拼接,需拆分核实",规则推断·未核验
929,"SNUGGLE,当妮（DOWNY）",待核验(多品牌组合),待核验,"多品牌拼接,需拆分核实",规则推断·未核验
930,"贝娜婷（Penaten）,芭乐雅（Balea）",待核验(多品牌组合),待核验,"多品牌拼接,需拆分核实",规则推断·未核验
931,C,疑似假洋牌(无元音),高,"无元音字母,高风险生造名",规则推断·未核验
932,"NUDE努德,柳宗理",待核验(多品牌组合),待核验,"多品牌拼接,需拆分核实",规则推断·未核验
933,"Glencadam,嘉伯乐（PAUL JABOULET AINE）",待核验(多品牌组合),待核验,"多品牌拼接,需拆分核实",规则推断·未核验
934,"ICHENDORF,FANOLA",待核验(多品牌组合),待核验,"多品牌拼接,需拆分核实",规则推断·未核验
935,"高丝（Kose）,ORIHIRO",待核验(多品牌组合),待核验,"多品牌拼接,需拆分核实",规则推断·未核验
936,"武田薬品,Eisai",待核验(多品牌组合),待核验,"多品牌拼接,需拆分核实",规则推断·未核验
937,"旭福益节,GRANVER",待核验(多品牌组合),待核验,"多品牌拼接,需拆分核实",规则推断·未核验
938,"SAC'S BAR,kissora",待核验(多品牌组合),待核验,"多品牌拼接,需拆分核实",规则推断·未核验
939,"OFF,意立诗 ELLIPS",待核验(多品牌组合),待核验,"多品牌拼接,需拆分核实",规则推断·未核验
940,欧恩焙,非假洋牌(国产),低,需进一步核实,规则推断·未核验
941,"New English Teas,新鳳鳴",待核验(多品牌组合),待核验,"多品牌拼接,需拆分核实",规则推断·未核验
942,SIKANDER-E-AZAM,待核验(英文名),待核验,"英文名,需联网核验",规则推断·未核验
943,"VetWiz,SEACODE",待核验(多品牌组合),待核验,"多品牌拼接,需拆分核实",规则推断·未核验
944,"Bella B,bellab",待核验(多品牌组合),待核验,"多品牌拼接,需拆分核实",规则推断·未核验
945,"Horizon Organic,德运（Devondale）",待核验(多品牌组合),待核验,"多品牌拼接,需拆分核实",规则推断·未核验
946,"CAMELICIOUS,patchi",待核验(多品牌组合),待核验,"多品牌拼接,需拆分核实",规则推断·未核验
947,Tahe,待核验(英文名),待核验,"英文名,需联网核验",规则推断·未核验
948,Madonna,待核验(英文名),待核验,"英文名,需联网核验",规则推断·未核验
949,BIOSSANCE,待核验(英文名),待核验,"英文名,需联网核验",规则推断·未核验
950,RANCEAS,待核验(英文名),待核验,"英文名,需联网核验",规则推断·未核验
951,沙芬（SAVINELLI）,待核验(中英混合),待核验,"中英混合,通常为真品牌,需逐个搜索",规则推断·未核验
952,"楼上 樓上,楼上",待核验(多品牌组合),待核验,"多品牌拼接,需拆分核实",规则推断·未核验
953,absolutearomas,待核验(英文名),待核验,"英文名,需联网核验",规则推断·未核验
954,"scenkan,BANANA SHARK",待核验(多品牌组合),待核验,"多品牌拼接,需拆分核实",规则推断·未核验
955,"product hair wax,Dariya",待核验(多品牌组合),待核验,"多品牌拼接,需拆分核实",规则推断·未核验
956,"克拉米伦庄园（Chateau Clerc Milon）,白雪（PIPER-HEIDSIECK）",待核验(多品牌组合),待核验,"多品牌拼接,需拆分核实",规则推断·未核验
957,"FRUIT KING,MADAME HENG",待核验(多品牌组合),待核验,"多品牌拼接,需拆分核实",规则推断·未核验
958,"盖亚的秘密,樱菲清",待核验(多品牌组合),待核验,"多品牌拼接,需拆分核实",规则推断·未核验
959,FIDQIOG,待核验(英文名),待核验,"英文名,需联网核验",规则推断·未核验
960,"奥纯冠（Nature One Dairy）,贝拉米（Bellamy's）",待核验(多品牌组合),待核验,"多品牌拼接,需拆分核实",规则推断·未核验
961,"Mini Babybel,乐芝牛",待核验(多品牌组合),待核验,"多品牌拼接,需拆分核实",规则推断·未核验
962,"KISS YOU,爱丽思（IRIS）",待核验(多品牌组合),待核验,"多品牌拼接,需拆分核实",规则推断·未核验
963,"秀雅韩（Sooryehan）,BIOHEAL BOH VITARETINOL",待核验(多品牌组合),待核验,"多品牌拼接,需拆分核实",规则推断·未核验
964,"专心楼,Nutrition Care",待核验(多品牌组合),待核验,"多品牌拼接,需拆分核实",规则推断·未核验
965,可瑞康（karicare）,待核验(中英混合),待核验,"中英混合,通常为真品牌,需逐个搜索",规则推断·未核验
966,"Dariya,OFF",待核验(多品牌组合),待核验,"多品牌拼接,需拆分核实",规则推断·未核验
967,"Certain Dri,GUM",待核验(多品牌组合),待核验,"多品牌拼接,需拆分核实",规则推断·未核验
968,"上標油（SIANG PURE OIL）,Green Herb",待核验(多品牌组合),待核验,"多品牌拼接,需拆分核实",规则推断·未核验
969,"教士（Franziskaner）,科罗娜",待核验(多品牌组合),待核验,"多品牌拼接,需拆分核实",规则推断·未核验
970,"丝格德（Schogetten）,沃集鲜",待核验(多品牌组合),待核验,"多品牌拼接,需拆分核实",规则推断·未核验
971,SAOTHAIDUONG,待核验(英文名),待核验,"英文名,需联网核验",规则推断·未核验
972,"Dermaroller,Ajona",待核验(多品牌组合),待核验,"多品牌拼接,需拆分核实",规则推断·未核验
973,"ANS,PRO-LIFE",待核验(多品牌组合),待核验,"多品牌拼接,需拆分核实",规则推断·未核验
974,"HealthyCare,life extension",待核验(多品牌组合),待核验,"多品牌拼接,需拆分核实",规则推断·未核验
975,"HENRI CHARPENTIER,BACHA",待核验(多品牌组合),待核验,"多品牌拼接,需拆分核实",规则推断·未核验
976,"阿华田（Ovaltine）,Tropical Fields",待核验(多品牌组合),待核验,"多品牌拼接,需拆分核实",规则推断·未核验
977,"Highland Shepherd Scotch whisky,Old Smitty's",待核验(多品牌组合),待核验,"多品牌拼接,需拆分核实",规则推断·未核验
978,"吉拉（JURA）,托本莫瑞（TOBERMORY）",待核验(多品牌组合),待核验,"多品牌拼接,需拆分核实",规则推断·未核验
979,Truelog,待核验(英文名),待核验,"英文名,需联网核验",规则推断·未核验
980,"貝印,芭乐雅（Balea）",待核验(多品牌组合),待核验,"多品牌拼接,需拆分核实",规则推断·未核验
981,"马膏 HERBAMEDICUS,劲爽",待核验(多品牌组合),待核验,"多品牌拼接,需拆分核实",规则推断·未核验
982,"狄妮诗,正鲜",待核验(多品牌组合),待核验,"多品牌拼接,需拆分核实",规则推断·未核验
983,"二宝（Nimm2）,哲库林",待核验(多品牌组合),待核验,"多品牌拼接,需拆分核实",规则推断·未核验
984,"Milton,汤美天地（Tommee Tippee）",待核验(多品牌组合),待核验,"多品牌拼接,需拆分核实",规则推断·未核验
985,MEDICURA,待核验(英文名),待核验,"英文名,需联网核验",规则推断·未核验
986,"SHEVEU,GOAT",待核验(多品牌组合),待核验,"多品牌拼接,需拆分核实",规则推断·未核验
987,TOKAJI,待核验(英文名),待核验,"英文名,需联网核验",规则推断·未核验
988,AVALON,待核验(英文名),待核验,"英文名,需联网核验",规则推断·未核验
989,雄鸡标（AYAM BRAND）,待核验(中英混合),待核验,"中英混合,通常为真品牌,需逐个搜索",规则推断·未核验
990,"EGO,QV",待核验(多品牌组合),待核验,"多品牌拼接,需拆分核实",规则推断·未核验
991,"孤独摇滚,一拳超人",待核验(多品牌组合),待核验,"多品牌拼接,需拆分核实",规则推断·未核验
992,"ABTEI,Compound W",待核验(多品牌组合),待核验,"多品牌拼接,需拆分核实",规则推断·未核验
993,茵葩兰（ENPRANI）,待核验(中英混合),待核验,"中英混合,通常为真品牌,需逐个搜索",规则推断·未核验
994,"Tondi,颐莲（RELLET）",待核验(多品牌组合),待核验,"多品牌拼接,需拆分核实",规则推断·未核验
995,"SHEVEU,麦迪安（Median）",待核验(多品牌组合),待核验,"多品牌拼接,需拆分核实",规则推断·未核验
996,MOETA,待核验(英文名),待核验,"英文名,需联网核验",规则推断·未核验
997,"BLANCO,Montana West",待核验(多品牌组合),待核验,"多品牌拼接,需拆分核实",规则推断·未核验
998,"TO-PLAN,RD",待核验(多品牌组合),待核验,"多品牌拼接,需拆分核实",规则推断·未核验
999,"Dariya,DM S-QUITO FREE",待核验(多品牌组合),待核验,"多品牌拼接,需拆分核实",规则推断·未核验
1000,Weelott,待核验(英文名),待核验,"英文名,需联网核验",规则推断·未核验
1001,"珀莱雅双抗,非常丸美",待核验(多品牌组合),待核验,"多品牌拼接,需拆分核实",规则推断·未核验
1002,"樱之素,三佳利（Sangaria）",待核验(多品牌组合),待核验,"多品牌拼接,需拆分核实",规则推断·未核验
1003,"SOFFEL,未来（VAPE）",待核验(多品牌组合),待核验,"多品牌拼接,需拆分核实",规则推断·未核验
1004,新鳳鳴,非假洋牌(国产),低,需进一步核实,规则推断·未核验
1005,堡歌家族酒庄（Burge Family Winemaker）,待核验(中英混合),待核验,"中英混合,通常为真品牌,需逐个搜索",规则推断·未核验
1006,"Le Tan,KARYTHA",待核验(多品牌组合),待核验,"多品牌拼接,需拆分核实",规则推断·未核验
1007,"小熊糖（L'il critters）,MegaRed",待核验(多品牌组合),待核验,"多品牌拼接,需拆分核实",规则推断·未核验
1008,"鲁臣世家庄园（Chateau Rauzan Segla）,靓茨伯（Chateau Lynch-Bages）",待核验(多品牌组合),待核验,"多品牌拼接,需拆分核实",规则推断·未核验
1009,"爱丽思（IRIS）,baby smile",待核验(多品牌组合),待核验,"多品牌拼接,需拆分核实",规则推断·未核验
1010,"CCOKIO,Le Petit Olivier",待核验(多品牌组合),待核验,"多品牌拼接,需拆分核实",规则推断·未核验
1011,"高丝（Kose）,Malin+Goetz",待核验(多品牌组合),待核验,"多品牌拼接,需拆分核实",规则推断·未核验
1012,"OTHER/其他,杰士派（GATSBY）",待核验(多品牌组合),待核验,"多品牌拼接,需拆分核实",规则推断·未核验
1013,"伊藤园（ITOEN）,日清（NISSIN）",待核验(多品牌组合),待核验,"多品牌拼接,需拆分核实",规则推断·未核验
1014,"Dariya,THE LAUNDRESS",待核验(多品牌组合),待核验,"多品牌拼接,需拆分核实",规则推断·未核验
1015,"Body Attack,Biox Performance Nutrition",待核验(多品牌组合),待核验,"多品牌拼接,需拆分核实",规则推断·未核验
1016,"杰士派（GATSBY）,碧缇丝（batiste）",待核验(多品牌组合),待核验,"多品牌拼接,需拆分核实",规则推断·未核验
1017,"高丝（Kose）,Rosette",待核验(多品牌组合),待核验,"多品牌拼接,需拆分核实",规则推断·未核验
1018,miracle baby,待核验(英文名),待核验,"英文名,需联网核验",规则推断·未核验
1019,"Compound W,惠宝（White Glo）",待核验(多品牌组合),待核验,"多品牌拼接,需拆分核实",规则推断·未核验
1020,"黛伦堡,世界名庄（Fine Wine）",待核验(多品牌组合),待核验,"多品牌拼接,需拆分核实",规则推断·未核验
1021,"ziaja,ALM COSMELICS",待核验(多品牌组合),待核验,"多品牌拼接,需拆分核实",规则推断·未核验
1022,叙娅摩根,非假洋牌(国产),低,需进一步核实,规则推断·未核验
1023,"THE WILD GEESE,PROPER TWELVE",待核验(多品牌组合),待核验,"多品牌拼接,需拆分核实",规则推断·未核验
1024,LACALUT,待核验(英文名),待核验,"英文名,需联网核验",规则推断·未核验
1025,CHARIANO,待核验(英文名),待核验,"英文名,需联网核验",规则推断·未核验
1026,"牛乳石硷,LUCAS' PAPAW CREAM",待核验(多品牌组合),待核验,"多品牌拼接,需拆分核实",规则推断·未核验
1027,K9 Natural,待核验(英文名),待核验,"英文名,需联网核验",规则推断·未核验
1028,"桃乐丝（Torres）,格兰纳里奇（GlenAllachie）",待核验(多品牌组合),待核验,"多品牌拼接,需拆分核实",规则推断·未核验
1029,"舒可薇（ScarAway）,霓净思（Neogence）",待核验(多品牌组合),待核验,"多品牌拼接,需拆分核实",规则推断·未核验
1030,47,待核验(未分类),待核验,需进一步核实,规则推断·未核验
1031,"OFF,小熊糖（L'il critters）",待核验(多品牌组合),待核验,"多品牌拼接,需拆分核实",规则推断·未核验
1032,迪士尼（Disney）,待核验(中英混合),待核验,"中英混合,通常为真品牌,需逐个搜索",规则推断·未核验
1033,"缤若诗,INFINITY KOSE",待核验(多品牌组合),待核验,"多品牌拼接,需拆分核实",规则推断·未核验
1034,原知因,非假洋牌(国产),低,需进一步核实,规则推断·未核验
1035,"Nature's Way,HEALTHY CARE",待核验(多品牌组合),待核验,"多品牌拼接,需拆分核实",规则推断·未核验
1036,Eleytele,待核验(英文名),待核验,"英文名,需联网核验",规则推断·未核验
1037,剑匠零,非假洋牌(国产),低,需进一步核实,规则推断·未核验
1038,"高丝（Kose）,OTHER/其他",待核验(多品牌组合),待核验,"多品牌拼接,需拆分核实",规则推断·未核验
1039,"朝日（Asahi）,三宝乐Sapporo",待核验(多品牌组合),待核验,"多品牌拼接,需拆分核实",规则推断·未核验
1040,"生鲜本能（instinct）,纽顿（Nutram Number）",待核验(多品牌组合),待核验,"多品牌拼接,需拆分核实",规则推断·未核验
1041,"东拓,芭乐雅（Baleya）",待核验(多品牌组合),待核验,"多品牌拼接,需拆分核实",规则推断·未核验
1042,"巴慕达（BALMUDA）,夏普",待核验(多品牌组合),待核验,"多品牌拼接,需拆分核实",规则推断·未核验
1043,CAPTAIN FAWCETT,待核验(英文名),待核验,"英文名,需联网核验",规则推断·未核验
1044,"XIKAR,ELIE BLEU",待核验(多品牌组合),待核验,"多品牌拼接,需拆分核实",规则推断·未核验
1045,"Biowell,BECHI",待核验(多品牌组合),待核验,"多品牌拼接,需拆分核实",规则推断·未核验
1046,"牛乳石硷,SHEVEU",待核验(多品牌组合),待核验,"多品牌拼接,需拆分核实",规则推断·未核验
1047,"ABTEI,PLIFT",待核验(多品牌组合),待核验,"多品牌拼接,需拆分核实",规则推断·未核验
1048,"SUQQU,CHARLOTTE TILBURY（CT）",待核验(多品牌组合),待核验,"多品牌拼接,需拆分核实",规则推断·未核验
1049,"高丝（Kose）,RISM",待核验(多品牌组合),待核验,"多品牌拼接,需拆分核实",规则推断·未核验
1050,"AG,JOLI",待核验(多品牌组合),待核验,"多品牌拼接,需拆分核实",规则推断·未核验
1051,"SWANSON,asahi",待核验(多品牌组合),待核验,"多品牌拼接,需拆分核实",规则推断·未核验
1052,"Dariya,Refine",待核验(多品牌组合),待核验,"多品牌拼接,需拆分核实",规则推断·未核验
1053,"睿嫣,Dariya",待核验(多品牌组合),待核验,"多品牌拼接,需拆分核实",规则推断·未核验
1054,"雅葵,Dariya",待核验(多品牌组合),待核验,"多品牌拼接,需拆分核实",规则推断·未核验
1055,贝亲彩,非假洋牌(国产),低,需进一步核实,规则推断·未核验
1056,"丝丽诺妃,Dariya",待核验(多品牌组合),待核验,"多品牌拼接,需拆分核实",规则推断·未核验
1057,"大马赞赞来,CA KD",待核验(多品牌组合),待核验,"多品牌拼接,需拆分核实",规则推断·未核验
1058,"VITAL QI,维特健灵",待核验(多品牌组合),待核验,"多品牌拼接,需拆分核实",规则推断·未核验
1059,MASAI MARA,待核验(英文名),待核验,"英文名,需联网核验",规则推断·未核验
1060,"VINACAFE,中原（TRUNG NGUYEN）",待核验(多品牌组合),待核验,"多品牌拼接,需拆分核实",规则推断·未核验
1061,璞医香（Puressentiel）,待核验(中英混合),待核验,"中英混合,通常为真品牌,需逐个搜索",规则推断·未核验
1062,安满（ANMUM）,待核验(中英混合),待核验,"中英混合,通常为真品牌,需逐个搜索",规则推断·未核验
1063,皮爷咖啡,非假洋牌(国产),低,需进一步核实,规则推断·未核验
1064,"WALDEN FARMS,KAI Brand",待核验(多品牌组合),待核验,"多品牌拼接,需拆分核实",规则推断·未核验
1065,"贝拉米（Bellamy's）,德运（Devondale）",待核验(多品牌组合),待核验,"多品牌拼接,需拆分核实",规则推断·未核验
1066,VITALP,待核验(英文名),待核验,"英文名,需联网核验",规则推断·未核验
1067,florena,待核验(英文名),待核验,"英文名,需联网核验",规则推断·未核验
1068,DONG XIANG ZUI 東香醉,待核验(中英混合),待核验,"中英混合,通常为真品牌,需逐个搜索",规则推断·未核验
1069,我的美麗日記,非假洋牌(国产),低,需进一步核实,规则推断·未核验
1070,"金门金牌一条根,金门一条根",待核验(多品牌组合),待核验,"多品牌拼接,需拆分核实",规则推断·未核验
1071,SABORJAMON,待核验(英文名),待核验,"英文名,需联网核验",规则推断·未核验
1072,"KENTUCKY OWL,Seagram's",待核验(多品牌组合),待核验,"多品牌拼接,需拆分核实",规则推断·未核验
1073,"菊正宗,FANOLA",待核验(多品牌组合),待核验,"多品牌拼接,需拆分核实",规则推断·未核验
1074,NEWBY,待核验(英文名),待核验,"英文名,需联网核验",规则推断·未核验
1075,"Colongon,贝臣（Bübchen）",待核验(多品牌组合),待核验,"多品牌拼接,需拆分核实",规则推断·未核验
1076,VAGIVAL,待核验(英文名),待核验,"英文名,需联网核验",规则推断·未核验
1077,"SUTRICON,Ausiki",待核验(多品牌组合),待核验,"多品牌拼接,需拆分核实",规则推断·未核验
1078,"Caprilac,Two cows",待核验(多品牌组合),待核验,"多品牌拼接,需拆分核实",规则推断·未核验
1079,optima natura,待核验(英文名),待核验,"英文名,需联网核验",规则推断·未核验
1080,"保美雅（Promina）,Lucky Trendy",待核验(多品牌组合),待核验,"多品牌拼接,需拆分核实",规则推断·未核验
1081,Cliganic,待核验(英文名),待核验,"英文名,需联网核验",规则推断·未核验
1082,"桃乐丝（Torres）,埃德拉多尔（EDRADOUR）",待核验(多品牌组合),待核验,"多品牌拼接,需拆分核实",规则推断·未核验
1083,"雅葵,GUM",待核验(多品牌组合),待核验,"多品牌拼接,需拆分核实",规则推断·未核验
1084,Revium,待核验(英文名),待核验,"英文名,需联网核验",规则推断·未核验
1085,"GLYSOLID,Dariya",待核验(多品牌组合),待核验,"多品牌拼接,需拆分核实",规则推断·未核验
1086,"卡慕（CAMUS）,人头马",待核验(多品牌组合),待核验,"多品牌拼接,需拆分核实",规则推断·未核验
1087,"波路梦（Bourbon）,能多益（Ferrero Nutella）",待核验(多品牌组合),待核验,"多品牌拼接,需拆分核实",规则推断·未核验
1088,"格兰纳里奇（GlenAllachie）,高地女王（HIGHLAND QUEEN）",待核验(多品牌组合),待核验,"多品牌拼接,需拆分核实",规则推断·未核验
1089,"PERDAYS,阿莫菲克（AMORPHICAL）",待核验(多品牌组合),待核验,"多品牌拼接,需拆分核实",规则推断·未核验
1090,"Frosch,Ka",待核验(多品牌组合),待核验,"多品牌拼接,需拆分核实",规则推断·未核验
1091,"高丝（Kose）,保美雅（Promina）",待核验(多品牌组合),待核验,"多品牌拼接,需拆分核实",规则推断·未核验
1092,"THE LAUNDRESS,雅葵",待核验(多品牌组合),待核验,"多品牌拼接,需拆分核实",规则推断·未核验
1093,"EXACTING,玛丽安保莱（MARIANNEBOLLE）",待核验(多品牌组合),待核验,"多品牌拼接,需拆分核实",规则推断·未核验
1094,sxa,待核验(英文名),待核验,"英文名,需联网核验",规则推断·未核验
1095,"贝拉米（Bellamy's）,Bubs",待核验(多品牌组合),待核验,"多品牌拼接,需拆分核实",规则推断·未核验
1096,"玛尔斯（MARVIS）,兰诺（Lenor）",待核验(多品牌组合),待核验,"多品牌拼接,需拆分核实",规则推断·未核验
1097,"jBp,HABA",待核验(多品牌组合),待核验,"多品牌拼接,需拆分核实",规则推断·未核验
1098,"Amino mason,亲皙（ARAU）",待核验(多品牌组合),待核验,"多品牌拼接,需拆分核实",规则推断·未核验
1099,"奥纯冠（Nature One Dairy）,艾优睿",待核验(多品牌组合),待核验,"多品牌拼接,需拆分核实",规则推断·未核验
1100,"ROSEFEN,李施德林 LISTERINE",待核验(多品牌组合),待核验,"多品牌拼接,需拆分核实",规则推断·未核验
1101,"味霸,白色恋人",待核验(多品牌组合),待核验,"多品牌拼接,需拆分核实",规则推断·未核验
1102,"Dariya,SCHOENENBERGER",待核验(多品牌组合),待核验,"多品牌拼接,需拆分核实",规则推断·未核验
1103,"KWGO,ROYAL PALM POLO SPORTS CLUB",待核验(多品牌组合),待核验,"多品牌拼接,需拆分核实",规则推断·未核验
1104,"Tommee Tippee,VANICREAM",待核验(多品牌组合),待核验,"多品牌拼接,需拆分核实",规则推断·未核验
1105,"阿佩辛,KUJIRA",待核验(多品牌组合),待核验,"多品牌拼接,需拆分核实",规则推断·未核验
1106,百乐满（Paloma）,待核验(中英混合),待核验,"中英混合,通常为真品牌,需逐个搜索",规则推断·未核验
1107,Zonsmo,待核验(英文名),待核验,"英文名,需联网核验",规则推断·未核验
1108,"皮爷咖啡,莱家（LOACKER）",待核验(多品牌组合),待核验,"多品牌拼接,需拆分核实",规则推断·未核验
1109,"贝拉米（Bellamy's）,海普诺凯1897（Hyprocal1897）",待核验(多品牌组合),待核验,"多品牌拼接,需拆分核实",规则推断·未核验
1110,"Remeo,Little Moons",待核验(多品牌组合),待核验,"多品牌拼接,需拆分核实",规则推断·未核验
1111,"高丝（Kose）,菊正宗",待核验(多品牌组合),待核验,"多品牌拼接,需拆分核实",规则推断·未核验
1112,"贝拉米（Bellamy's）,Caprilac",待核验(多品牌组合),待核验,"多品牌拼接,需拆分核实",规则推断·未核验
1113,"三花（CARNATION）,BYA,บี วาย เอ",待核验(多品牌组合),待核验,"多品牌拼接,需拆分核实",规则推断·未核验
1114,"山崎（Yamazaki）,云顶（SpringBank）",待核验(多品牌组合),待核验,"多品牌拼接,需拆分核实",规则推断·未核验
1115,suremoco,待核验(英文名),待核验,"英文名,需联网核验",规则推断·未核验
1116,臻护新苼,非假洋牌(国产),低,需进一步核实,规则推断·未核验
1117,牛乳石硷,非假洋牌(国产),低,需进一步核实,规则推断·未核验
1118,Polo Sud,待核验(英文名),待核验,"英文名,需联网核验",规则推断·未核验
1119,"极地双头鹰,轩尼诗",待核验(多品牌组合),待核验,"多品牌拼接,需拆分核实",规则推断·未核验
1120,"城愿,清妍萃",待核验(多品牌组合),待核验,"多品牌拼接,需拆分核实",规则推断·未核验
1121,"高丝（Kose）,巴黎欧莱雅沙龙专属（L'OREAL PROFESSIONNEL PARIS）",待核验(多品牌组合),待核验,"多品牌拼接,需拆分核实",规则推断·未核验
1122,"波路梦（Bourbon）,味霸",待核验(多品牌组合),待核验,"多品牌拼接,需拆分核实",规则推断·未核验
1123,"切瑞蒂（CERRUTI）,Malin+Goetz",待核验(多品牌组合),待核验,"多品牌拼接,需拆分核实",规则推断·未核验
1124,"GLGFAS,SPRING SHEEP",待核验(多品牌组合),待核验,"多品牌拼接,需拆分核实",规则推断·未核验
1125,kuvive,待核验(英文名),待核验,"英文名,需联网核验",规则推断·未核验
1126,"JOLI,GEV",待核验(多品牌组合),待核验,"多品牌拼接,需拆分核实",规则推断·未核验
1127,Markos,待核验(英文名),待核验,"英文名,需联网核验",规则推断·未核验
1128,"BEC,HerbSense",待核验(多品牌组合),待核验,"多品牌拼接,需拆分核实",规则推断·未核验
1129,"贝拉米（Bellamy's）,森宝（Semper）",待核验(多品牌组合),待核验,"多品牌拼接,需拆分核实",规则推断·未核验
1130,"格兰纳里奇（GlenAllachie）,The Broody Hen",待核验(多品牌组合),待核验,"多品牌拼接,需拆分核实",规则推断·未核验
1131,"珊珂,BOTANIST",待核验(多品牌组合),待核验,"多品牌拼接,需拆分核实",规则推断·未核验
1132,"艾天然（Attenir）,皇后的秘密",待核验(多品牌组合),待核验,"多品牌拼接,需拆分核实",规则推断·未核验
1133,"安瓶（CEMOY）,朱栈（red chamber）",待核验(多品牌组合),待核验,"多品牌拼接,需拆分核实",规则推断·未核验
1134,"milbon,Prokudent",待核验(多品牌组合),待核验,"多品牌拼接,需拆分核实",规则推断·未核验
1135,"娥佩兰（OPERA）,阿姿美尔",待核验(多品牌组合),待核验,"多品牌拼接,需拆分核实",规则推断·未核验
1136,"NUDE努德,ICHENDORF",待核验(多品牌组合),待核验,"多品牌拼接,需拆分核实",规则推断·未核验
1137,金门高粱,非假洋牌(国产),低,需进一步核实,规则推断·未核验
1138,巧可美（chocoMe）,待核验(中英混合),待核验,"中英混合,通常为真品牌,需逐个搜索",规则推断·未核验
1139,薇姿（VICHY）,待核验(中英混合),待核验,"中英混合,通常为真品牌,需逐个搜索",规则推断·未核验
1140,魔爪（Monster）,待核验(中英混合),待核验,"中英混合,通常为真品牌,需逐个搜索",规则推断·未核验
1141,莫兰卡（MOROKA）,待核验(中英混合),待核验,"中英混合,通常为真品牌,需逐个搜索",规则推断·未核验
1142,"瑞微拂（RE VIVE）,利维肤（Revive）",待核验(多品牌组合),待核验,"多品牌拼接,需拆分核实",规则推断·未核验
1143,EXOTIC NUTRITION,待核验(英文名),待核验,"英文名,需联网核验",规则推断·未核验
1144,PDPAOLA,待核验(英文名),待核验,"英文名,需联网核验",规则推断·未核验
1145,高培（GoldMax）,待核验(中英混合),待核验,"中英混合,通常为真品牌,需逐个搜索",规则推断·未核验
1146,马油（LOSHI）,待核验(中英混合),待核验,"中英混合,通常为真品牌,需逐个搜索",规则推断·未核验
1147,"NINJA,La Pavoni",待核验(多品牌组合),待核验,"多品牌拼接,需拆分核实",规则推断·未核验
1148,澳美皙（CancerCouncil）,待核验(中英混合),待核验,"中英混合,通常为真品牌,需逐个搜索",规则推断·未核验
1149,"高丝（Kose）,华雪（Hanayuki）",待核验(多品牌组合),待核验,"多品牌拼接,需拆分核实",规则推断·未核验
1150,"尼德堡,CHATEAU BEAUMONT",待核验(多品牌组合),待核验,"多品牌拼接,需拆分核实",规则推断·未核验
1151,"跨境进口（CNEUlogistics）,巴斯洛漫",待核验(多品牌组合),待核验,"多品牌拼接,需拆分核实",规则推断·未核验
1152,"惠宝（White Glo）,汤姆小屋",待核验(多品牌组合),待核验,"多品牌拼接,需拆分核实",规则推断·未核验
1153,ROYCE',待核验(英文名),待核验,"英文名,需联网核验",规则推断·未核验
1154,LAVKIDS,待核验(英文名),待核验,"英文名,需联网核验",规则推断·未核验
1155,"白色恋人,LETAO NOSTALGIC MODERN. NORTHERN SWEETS MANNER",待核验(多品牌组合),待核验,"多品牌拼接,需拆分核实",规则推断·未核验
1156,"宜丽客（ELECOM）,aiwa",待核验(多品牌组合),待核验,"多品牌拼接,需拆分核实",规则推断·未核验
1157,"三宝乐Sapporo,三得利(SUNTORY）",待核验(多品牌组合),待核验,"多品牌拼接,需拆分核实",规则推断·未核验
1158,"高丝（Kose）,COW",待核验(多品牌组合),待核验,"多品牌拼接,需拆分核实",规则推断·未核验
1159,"Glencadam,罗曼湖",待核验(多品牌组合),待核验,"多品牌拼接,需拆分核实",规则推断·未核验
1160,"麦卡伦（MACALLAN）,唐胡里奥",待核验(多品牌组合),待核验,"多品牌拼接,需拆分核实",规则推断·未核验
1161,"montesano,小何赛",待核验(多品牌组合),待核验,"多品牌拼接,需拆分核实",规则推断·未核验
1162,"鹰标,便利妥（BANITORE）",待核验(多品牌组合),待核验,"多品牌拼接,需拆分核实",规则推断·未核验
1163,"T-FAL,WAHEI FREIZ",待核验(多品牌组合),待核验,"多品牌拼接,需拆分核实",规则推断·未核验
1164,"TRANSPARENT,美诺（MIELE）",待核验(多品牌组合),待核验,"多品牌拼接,需拆分核实",规则推断·未核验
1165,"HEALTHY CARE,EVA",待核验(多品牌组合),待核验,"多品牌拼接,需拆分核实",规则推断·未核验
1166,"Hold live,LOSOKI",待核验(多品牌组合),待核验,"多品牌拼接,需拆分核实",规则推断·未核验
1167,百胜厨,非假洋牌(国产),低,需进一步核实,规则推断·未核验
1168,CHANDLER,待核验(英文名),待核验,"英文名,需联网核验",规则推断·未核验
1169,PSITTACUS,待核验(英文名),待核验,"英文名,需联网核验",规则推断·未核验
1170,"BTNature,莫兰卡（MOROKA）",待核验(多品牌组合),待核验,"多品牌拼接,需拆分核实",规则推断·未核验
1171,"566,耐斯澎澎",待核验(多品牌组合),待核验,"多品牌拼接,需拆分核实",规则推断·未核验
1172,"KENTUCKY OWL,SAWAKI",待核验(多品牌组合),待核验,"多品牌拼接,需拆分核实",规则推断·未核验
1173,阿里山瑪翡台灣咖啡,非假洋牌(国产),低,需进一步核实,规则推断·未核验
1174,"Vaseline,LIFE-FLO",待核验(多品牌组合),待核验,"多品牌拼接,需拆分核实",规则推断·未核验
1175,"Dariya,QB",待核验(多品牌组合),待核验,"多品牌拼接,需拆分核实",规则推断·未核验
1176,"海普诺凯1897（Hyprocal1897）,喜宝（HiPP）",待核验(多品牌组合),待核验,"多品牌拼接,需拆分核实",规则推断·未核验
1177,carari,待核验(英文名),待核验,"英文名,需联网核验",规则推断·未核验
1178,"乐屯（Happy Village）,优古母",待核验(多品牌组合),待核验,"多品牌拼接,需拆分核实",规则推断·未核验
1179,"SFSP,英微（IN&VI）",待核验(多品牌组合),待核验,"多品牌拼接,需拆分核实",规则推断·未核验
1180,"德劳特沃（Gerolsteiner）,晶杰",待核验(多品牌组合),待核验,"多品牌拼接,需拆分核实",规则推断·未核验
1181,"福山田舍,李小陳",待核验(多品牌组合),待核验,"多品牌拼接,需拆分核实",规则推断·未核验
1182,"贝拉米（Bellamy's）,安满（ANMUM）",待核验(多品牌组合),待核验,"多品牌拼接,需拆分核实",规则推断·未核验
1183,"Refine,菊正宗",待核验(多品牌组合),待核验,"多品牌拼接,需拆分核实",规则推断·未核验
1184,"博格步（BUGABOO）,Orbit Baby",待核验(多品牌组合),待核验,"多品牌拼接,需拆分核实",规则推断·未核验
1185,"Nutrition Care,Unichi",待核验(多品牌组合),待核验,"多品牌拼接,需拆分核实",规则推断·未核验
1186,"哈奴曼,芝芙莲（GIFFARINE）",待核验(多品牌组合),待核验,"多品牌拼接,需拆分核实",规则推断·未核验
1187,"FOR BECARED ONE,内廷上用",待核验(多品牌组合),待核验,"多品牌拼接,需拆分核实",规则推断·未核验
1188,"Dramamine,Preparation H",待核验(多品牌组合),待核验,"多品牌拼接,需拆分核实",规则推断·未核验
1189,"格兰纳里奇（GlenAllachie）,布纳哈本（bunnahabhain）",待核验(多品牌组合),待核验,"多品牌拼接,需拆分核实",规则推断·未核验
1190,"高丝（Kose）,Dariya",待核验(多品牌组合),待核验,"多品牌拼接,需拆分核实",规则推断·未核验
1191,"珀莱雅双抗,绿色溪谷",待核验(多品牌组合),待核验,"多品牌拼接,需拆分核实",规则推断·未核验
1192,"沃集鲜,泰谷（TAGUS）",待核验(多品牌组合),待核验,"多品牌拼接,需拆分核实",规则推断·未核验
1193,"Dariya,DUOFILM",待核验(多品牌组合),待核验,"多品牌拼接,需拆分核实",规则推断·未核验
1194,"大塚,LeTAO",待核验(多品牌组合),待核验,"多品牌拼接,需拆分核实",规则推断·未核验
1195,"路易老爷（Louis Royer）,奔富",待核验(多品牌组合),待核验,"多品牌拼接,需拆分核实",规则推断·未核验
1196,YHKCARE,待核验(英文名),待核验,"英文名,需联网核验",规则推断·未核验
1197,"贝里麦德维熊牌,莞岛虾牌",待核验(多品牌组合),待核验,"多品牌拼接,需拆分核实",规则推断·未核验
1198,MONOPRICE,待核验(英文名),待核验,"英文名,需联网核验",规则推断·未核验
1199,"希尔思Hill‘s,NOW FRESH",待核验(多品牌组合),待核验,"多品牌拼接,需拆分核实",规则推断·未核验
1200,"NANNYCARE,CANADA DRY",待核验(多品牌组合),待核验,"多品牌拼接,需拆分核实",规则推断·未核验
1201,"WHITE HORSE,Seagram's",待核验(多品牌组合),待核验,"多品牌拼接,需拆分核实",规则推断·未核验
1202,"钰俏伊人  YUQIAO LOVER,秀媛丽",待核验(多品牌组合),待核验,"多品牌拼接,需拆分核实",规则推断·未核验
1203,"BY.ARTISANS,PUREDIVINE",待核验(多品牌组合),待核验,"多品牌拼接,需拆分核实",规则推断·未核验
1204,"德运（Devondale）,Pearlbe",待核验(多品牌组合),待核验,"多品牌拼接,需拆分核实",规则推断·未核验
1205,"秩父,本坊酒造",待核验(多品牌组合),待核验,"多品牌拼接,需拆分核实",规则推断·未核验
1206,DX,疑似假洋牌(无元音),高,"无元音字母,高风险生造名",规则推断·未核验
1207,"玫丽盼,牛乳石碱（COW）",待核验(多品牌组合),待核验,"多品牌拼接,需拆分核实",规则推断·未核验
1208,布加迪（BONEST GATTI）,待核验(中英混合),待核验,"中英混合,通常为真品牌,需逐个搜索",规则推断·未核验
1209,"THE WHISKYFIND,MONTES",待核验(多品牌组合),待核验,"多品牌拼接,需拆分核实",规则推断·未核验
1210,"高丝（Kose）,巧虎",待核验(多品牌组合),待核验,"多品牌拼接,需拆分核实",规则推断·未核验
1211,"Ianys,爱丽小屋",待核验(多品牌组合),待核验,"多品牌拼接,需拆分核实",规则推断·未核验
1212,"喜宝（HiPP）,ZWITSAL",待核验(多品牌组合),待核验,"多品牌拼接,需拆分核实",规则推断·未核验
1213,"SNUGGLE,THE LOMB",待核验(多品牌组合),待核验,"多品牌拼接,需拆分核实",规则推断·未核验
1214,"所望（SOMANG）,三井",待核验(多品牌组合),待核验,"多品牌拼接,需拆分核实",规则推断·未核验
1215,"十四代,响（Hibiki）",待核验(多品牌组合),待核验,"多品牌拼接,需拆分核实",规则推断·未核验
1216,"柳宗理,FANOLA",待核验(多品牌组合),待核验,"多品牌拼接,需拆分核实",规则推断·未核验
1217,"珀莱雅双抗,Dariya",待核验(多品牌组合),待核验,"多品牌拼接,需拆分核实",规则推断·未核验
1218,"FANCL HealthScience,pipingrock",待核验(多品牌组合),待核验,"多品牌拼接,需拆分核实",规则推断·未核验
1219,"Dariya,高丝（Kose）",待核验(多品牌组合),待核验,"多品牌拼接,需拆分核实",规则推断·未核验
1220,Edick,待核验(英文名),待核验,"英文名,需联网核验",规则推断·未核验
1221,"GrandoldParr,吉拉（JURA）",待核验(多品牌组合),待核验,"多品牌拼接,需拆分核实",规则推断·未核验
1222,佳丽雅（Gallia）,待核验(中英混合),待核验,"中英混合,通常为真品牌,需逐个搜索",规则推断·未核验
1223,"BTNature,Nature Loop",待核验(多品牌组合),待核验,"多品牌拼接,需拆分核实",规则推断·未核验
1224,"维蕾德（WELEDA）,贝拉米（Bellamy's）",待核验(多品牌组合),待核验,"多品牌拼接,需拆分核实",规则推断·未核验
1225,"金鸟（KINCHO）,DU‘IT",待核验(多品牌组合),待核验,"多品牌拼接,需拆分核实",规则推断·未核验
1226,TeaWG,待核验(英文名),待核验,"英文名,需联网核验",规则推断·未核验
1227,"LORETTA,BLEMIL",待核验(多品牌组合),待核验,"多品牌拼接,需拆分核实",规则推断·未核验
1228,"Caprilac,BTNature",待核验(多品牌组合),待核验,"多品牌拼接,需拆分核实",规则推断·未核验
1229,"Lady Speed Stick,Secret",待核验(多品牌组合),待核验,"多品牌拼接,需拆分核实",规则推断·未核验
1230,西特兰（Chateau Citran）,待核验(中英混合),待核验,"中英混合,通常为真品牌,需逐个搜索",规则推断·未核验
1231,"格兰纳里奇（GlenAllachie）,埃德拉多尔（EDRADOUR）",待核验(多品牌组合),待核验,"多品牌拼接,需拆分核实",规则推断·未核验
1232,"Oli6,可瑞康（karicare）",待核验(多品牌组合),待核验,"多品牌拼接,需拆分核实",规则推断·未核验
1233,"蝶美,杜润",待核验(多品牌组合),待核验,"多品牌拼接,需拆分核实",规则推断·未核验
1234,"TA,PLIFT",待核验(多品牌组合),待核验,"多品牌拼接,需拆分核实",规则推断·未核验
1235,"Rosette,GUM",待核验(多品牌组合),待核验,"多品牌拼接,需拆分核实",规则推断·未核验
1236,"米皇后（Mihwanghoo）,发滋然",待核验(多品牌组合),待核验,"多品牌拼接,需拆分核实",规则推断·未核验
1237,"贝拉米（Bellamy's）,康维他(Comvita)",待核验(多品牌组合),待核验,"多品牌拼接,需拆分核实",规则推断·未核验
1238,femfresh,待核验(英文名),待核验,"英文名,需联网核验",规则推断·未核验
1239,AgDEO24,待核验(英文名),待核验,"英文名,需联网核验",规则推断·未核验
1240,"喜宝（HiPP）,EGO",待核验(多品牌组合),待核验,"多品牌拼接,需拆分核实",规则推断·未核验
1241,宇津,非假洋牌(国产),低,需进一步核实,规则推断·未核验
1242,NIZORAL,待核验(英文名),待核验,"英文名,需联网核验",规则推断·未核验
1243,大门（DAIMON）,待核验(中英混合),待核验,"中英混合,通常为真品牌,需逐个搜索",规则推断·未核验
1244,MODU'I,待核验(英文名),待核验,"英文名,需联网核验",规则推断·未核验
1245,福而可（FUEKI）,待核验(中英混合),待核验,"中英混合,通常为真品牌,需逐个搜索",规则推断·未核验
1246,GLYSOMED加素美,待核验(中英混合),待核验,"中英混合,通常为真品牌,需逐个搜索",规则推断·未核验
1247,eimele,待核验(英文名),待核验,"英文名,需联网核验",规则推断·未核验
1248,"牛乳石硷,SAWYER",待核验(多品牌组合),待核验,"多品牌拼接,需拆分核实",规则推断·未核验
1249,"pipingrock,TRU NIAGEN",待核验(多品牌组合),待核验,"多品牌拼接,需拆分核实",规则推断·未核验
1250,贝娜婷（Penaten）,待核验(中英混合),待核验,"中英混合,通常为真品牌,需逐个搜索",规则推断·未核验
1251,"Klosterfrau,Healthy Care",待核验(多品牌组合),待核验,"多品牌拼接,需拆分核实",规则推断·未核验
1252,Don Quitto,待核验(英文名),待核验,"英文名,需联网核验",规则推断·未核验
1253,活力媽媽,非假洋牌(国产),低,需进一步核实,规则推断·未核验
1254,JinBei,待核验(英文名),待核验,"英文名,需联网核验",规则推断·未核验
1255,kingnature,待核验(英文名),待核验,"英文名,需联网核验",规则推断·未核验
1256,Sri Sri TATTVA stylized,待核验(英文名),待核验,"英文名,需联网核验",规则推断·未核验
1257,BEAMS PLUS,待核验(英文名),待核验,"英文名,需联网核验",规则推断·未核验
1258,"Farmstay,澳芝曼（G＆M）",待核验(多品牌组合),待核验,"多品牌拼接,需拆分核实",规则推断·未核验
1259,"伯特小蜜蜂,VANICREAM",待核验(多品牌组合),待核验,"多品牌拼接,需拆分核实",规则推断·未核验
1260,"なまうめあめ 生梅飴,Prairie Farms",待核验(多品牌组合),待核验,"多品牌拼接,需拆分核实",规则推断·未核验
1261,"Caprilac,Bubs",待核验(多品牌组合),待核验,"多品牌拼接,需拆分核实",规则推断·未核验
1262,"annadonna,柳屋",待核验(多品牌组合),待核验,"多品牌拼接,需拆分核实",规则推断·未核验
1263,"果本（gooben）,INCELLDERM",待核验(多品牌组合),待核验,"多品牌拼接,需拆分核实",规则推断·未核验
1264,"伦士度,娜丽丝",待核验(多品牌组合),待核验,"多品牌拼接,需拆分核实",规则推断·未核验
1265,"怪兽8号,MEGAHOUSE MH",待核验(多品牌组合),待核验,"多品牌拼接,需拆分核实",规则推断·未核验
1266,"路易老爷（Louis Royer）,麦卡伦（MACALLAN）",待核验(多品牌组合),待核验,"多品牌拼接,需拆分核实",规则推断·未核验
1267,"RAPAS,cellpure",待核验(多品牌组合),待核验,"多品牌拼接,需拆分核实",规则推断·未核验
1268,"托本莫瑞（TOBERMORY）,十四代",待核验(多品牌组合),待核验,"多品牌拼接,需拆分核实",规则推断·未核验
1269,"宜可诚（Ecostore）,SODASAN",待核验(多品牌组合),待核验,"多品牌拼接,需拆分核实",规则推断·未核验
1270,"百毒下,尊马油",待核验(多品牌组合),待核验,"多品牌拼接,需拆分核实",规则推断·未核验
1271,"SUSTYLE,Outlier",待核验(多品牌组合),待核验,"多品牌拼接,需拆分核实",规则推断·未核验
1272,"东方宝石（Tesori D’oriente）,Ka",待核验(多品牌组合),待核验,"多品牌拼接,需拆分核实",规则推断·未核验
1273,"EIOGR,paugila",待核验(多品牌组合),待核验,"多品牌拼接,需拆分核实",规则推断·未核验
1274,"ETVOS,PAUL&JOE",待核验(多品牌组合),待核验,"多品牌拼接,需拆分核实",规则推断·未核验
1275,"其他家,PETSMILE",待核验(多品牌组合),待核验,"多品牌拼接,需拆分核实",规则推断·未核验
1276,"玛福莱,KAPITI",待核验(多品牌组合),待核验,"多品牌拼接,需拆分核实",规则推断·未核验
1277,"优斐斯（uface）,SAKIRANA",待核验(多品牌组合),待核验,"多品牌拼接,需拆分核实",规则推断·未核验
1278,"DIKTT,Frances Valentine",待核验(多品牌组合),待核验,"多品牌拼接,需拆分核实",规则推断·未核验
1279,"FAIRY,Domol",待核验(多品牌组合),待核验,"多品牌拼接,需拆分核实",规则推断·未核验
1280,"家の逸（Yohome）,JUJY",待核验(多品牌组合),待核验,"多品牌拼接,需拆分核实",规则推断·未核验
1281,"ongredients,NUMBUZIN",待核验(多品牌组合),待核验,"多品牌拼接,需拆分核实",规则推断·未核验
1282,"妃漾迷,EMWM",待核验(多品牌组合),待核验,"多品牌拼接,需拆分核实",规则推断·未核验
1283,"二宝（Nimm2）,贝克曼博士（Dr.Beckmann）",待核验(多品牌组合),待核验,"多品牌拼接,需拆分核实",规则推断·未核验
1284,"贝拉米（Bellamy's）,Goodcombo",待核验(多品牌组合),待核验,"多品牌拼接,需拆分核实",规则推断·未核验
1285,"牛栏（Cow&Gate）,可瑞康（karicare）",待核验(多品牌组合),待核验,"多品牌拼接,需拆分核实",规则推断·未核验
1286,"JOLI,RD",待核验(多品牌组合),待核验,"多品牌拼接,需拆分核实",规则推断·未核验
1287,"加州宝宝（California Baby）,Clothes Doctor",待核验(多品牌组合),待核验,"多品牌拼接,需拆分核实",规则推断·未核验
1288,近江兄弟社（OMI BROTHERHOOD）,待核验(中英混合),待核验,"中英混合,通常为真品牌,需逐个搜索",规则推断·未核验
1289,JunoBio,待核验(英文名),待核验,"英文名,需联网核验",规则推断·未核验
1290,"GERLLO,IZUMI",待核验(多品牌组合),待核验,"多品牌拼接,需拆分核实",规则推断·未核验
1291,"VECUA HONEY,乐敦（ROHTO）",待核验(多品牌组合),待核验,"多品牌拼接,需拆分核实",规则推断·未核验
1292,"所望（SOMANG）,villutra",待核验(多品牌组合),待核验,"多品牌拼接,需拆分核实",规则推断·未核验
1293,"追幸兔,保美雅（Promina）",待核验(多品牌组合),待核验,"多品牌拼接,需拆分核实",规则推断·未核验
1294,"资生堂（SHISEIDO PROFESSIONAL）,牛乳石碱（COW）",待核验(多品牌组合),待核验,"多品牌拼接,需拆分核实",规则推断·未核验
1295,"贝拉米（Bellamy's）,novalac",待核验(多品牌组合),待核验,"多品牌拼接,需拆分核实",规则推断·未核验
1296,"Frosch,FAIRY",待核验(多品牌组合),待核验,"多品牌拼接,需拆分核实",规则推断·未核验
1297,"臻护新苼,Hero Baby",待核验(多品牌组合),待核验,"多品牌拼接,需拆分核实",规则推断·未核验
1298,"Naturata,圣安娜（Sant' Anna）",待核验(多品牌组合),待核验,"多品牌拼接,需拆分核实",规则推断·未核验
1299,"Mitime,UNITED",待核验(多品牌组合),待核验,"多品牌拼接,需拆分核实",规则推断·未核验
1300,"VAPE,MINIKUMA",待核验(多品牌组合),待核验,"多品牌拼接,需拆分核实",规则推断·未核验
1301,"贝拉米（Bellamy's）,牛栏（Cow&Gate）",待核验(多品牌组合),待核验,"多品牌拼接,需拆分核实",规则推断·未核验
1302,"MOOV,宜珑（ilon）",待核验(多品牌组合),待核验,"多品牌拼接,需拆分核实",规则推断·未核验
1303,"悠诗诗（UCC）,貝印",待核验(多品牌组合),待核验,"多品牌拼接,需拆分核实",规则推断·未核验
1304,"TENUTA SETTE PONTI TOSCANA,CAIAROSSA",待核验(多品牌组合),待核验,"多品牌拼接,需拆分核实",规则推断·未核验
1305,所望（SOMANG）,待核验(中英混合),待核验,"中英混合,通常为真品牌,需逐个搜索",规则推断·未核验
1306,"AKF,Cecile Maia",待核验(多品牌组合),待核验,"多品牌拼接,需拆分核实",规则推断·未核验
1307,"京飴綾小路,悠哈",待核验(多品牌组合),待核验,"多品牌拼接,需拆分核实",规则推断·未核验
1308,"ANTIO,YUNTH",待核验(多品牌组合),待核验,"多品牌拼接,需拆分核实",规则推断·未核验
1309,"高丝（Kose）,貝印",待核验(多品牌组合),待核验,"多品牌拼接,需拆分核实",规则推断·未核验
1310,"HIEUAILR,欧佩O'KADY",待核验(多品牌组合),待核验,"多品牌拼接,需拆分核实",规则推断·未核验
1311,"Unichi,和丽康（Herbs of Gold）",待核验(多品牌组合),待核验,"多品牌拼接,需拆分核实",规则推断·未核验
1312,GUYN,待核验(英文名),待核验,"英文名,需联网核验",规则推断·未核验
1313,"CE,珂 罗 娜（KE LUO NA）",待核验(多品牌组合),待核验,"多品牌拼接,需拆分核实",规则推断·未核验
1314,"Airdog,DAINICHI",待核验(多品牌组合),待核验,"多品牌拼接,需拆分核实",规则推断·未核验
1315,吨吨,非假洋牌(国产),低,需进一步核实,规则推断·未核验
1316,"金钟酒庄（Chateau Angelus）,力士金酒庄（Chateau Lascombes）",待核验(多品牌组合),待核验,"多品牌拼接,需拆分核实",规则推断·未核验
1317,"宝贝与我（Arla）,TAUPO PURE",待核验(多品牌组合),待核验,"多品牌拼接,需拆分核实",规则推断·未核验
1318,"AIRBUGGY,Lion Litter 獅子砂",待核验(多品牌组合),待核验,"多品牌拼接,需拆分核实",规则推断·未核验
1319,"蛇毒（Spa treatment）,牛乳石硷",待核验(多品牌组合),待核验,"多品牌拼接,需拆分核实",规则推断·未核验
1320,野格（Jagerneister）,待核验(中英混合),待核验,"中英混合,通常为真品牌,需逐个搜索",规则推断·未核验
1321,"REVEEL芮维迩,NOEVIR",待核验(多品牌组合),待核验,"多品牌拼接,需拆分核实",规则推断·未核验
1322,"Tyrrells,CHUPA CHUPS",待核验(多品牌组合),待核验,"多品牌拼接,需拆分核实",规则推断·未核验
1323,"山崎（Yamazaki）,响(Hibiki)",待核验(多品牌组合),待核验,"多品牌拼接,需拆分核实",规则推断·未核验
1324,"一叶子 ONE LEAF,C咖",待核验(多品牌组合),待核验,"多品牌拼接,需拆分核实",规则推断·未核验
1325,"馥绿德雅（RENE FURTERER）,粹律",待核验(多品牌组合),待核验,"多品牌拼接,需拆分核实",规则推断·未核验
1326,"麦卡伦（MACALLAN）,轩尼诗Hennessy",待核验(多品牌组合),待核验,"多品牌拼接,需拆分核实",规则推断·未核验
1327,"GLAETZER,木桐酒庄（Chateau Mouton Rothschild）",待核验(多品牌组合),待核验,"多品牌拼接,需拆分核实",规则推断·未核验
1328,"TSUBAKI,マドンナ MADONNA",待核验(多品牌组合),待核验,"多品牌拼接,需拆分核实",规则推断·未核验
1329,"BIOXCIN,嘉娜宝（KANEBO）",待核验(多品牌组合),待核验,"多品牌拼接,需拆分核实",规则推断·未核验
1330,YSL,疑似假洋牌(无元音),高,"无元音字母,高风险生造名",规则推断·未核验
1331,"KISS YOU,SALONIA",待核验(多品牌组合),待核验,"多品牌拼接,需拆分核实",规则推断·未核验
1332,"澳芝曼（G＆M）,艾珂薇（ACWELL）",待核验(多品牌组合),待核验,"多品牌拼接,需拆分核实",规则推断·未核验
1333,"牛乳石硷,欧仕派（OLD SPICE）",待核验(多品牌组合),待核验,"多品牌拼接,需拆分核实",规则推断·未核验
1334,"伊贝诗,一叶子 ONE LEAF",待核验(多品牌组合),待核验,"多品牌拼接,需拆分核实",规则推断·未核验
1335,"玛尔斯（MARVIS）,晶杰",待核验(多品牌组合),待核验,"多品牌拼接,需拆分核实",规则推断·未核验
1336,"Dermaroller,保美雅（Promina）",待核验(多品牌组合),待核验,"多品牌拼接,需拆分核实",规则推断·未核验
1337,"春雨（Papa recipe）,SUMDOY",待核验(多品牌组合),待核验,"多品牌拼接,需拆分核实",规则推断·未核验
1338,"JODYJAZZ,巴哈",待核验(多品牌组合),待核验,"多品牌拼接,需拆分核实",规则推断·未核验
1339,"宝碟,KEF",待核验(多品牌组合),待核验,"多品牌拼接,需拆分核实",规则推断·未核验
1340,STAUD BEAUTY,待核验(英文名),待核验,"英文名,需联网核验",规则推断·未核验
1341,"HOSIKA,ANYSMIC",待核验(多品牌组合),待核验,"多品牌拼接,需拆分核实",规则推断·未核验
1342,แบรนด์,待核验(未分类),待核验,需进一步核实,规则推断·未核验
1343,"喜宝（HiPP）,子母（DUTCH LADY）",待核验(多品牌组合),待核验,"多品牌拼接,需拆分核实",规则推断·未核验
1344,美体小铺（The Body Shop）,待核验(中英混合),待核验,"中英混合,通常为真品牌,需逐个搜索",规则推断·未核验
1345,"可口可乐（Coca Cola）,味霸",待核验(多品牌组合),待核验,"多品牌拼接,需拆分核实",规则推断·未核验
1346,"South Pacific Salt,Mrs Rogers",待核验(多品牌组合),待核验,"多品牌拼接,需拆分核实",规则推断·未核验
1347,"sun dance,Partyfly",待核验(多品牌组合),待核验,"多品牌拼接,需拆分核实",规则推断·未核验
1348,"101CAFFE,ETHICAP",待核验(多品牌组合),待核验,"多品牌拼接,需拆分核实",规则推断·未核验
1349,"金鸟（KINCHO）,Amino mason",待核验(多品牌组合),待核验,"多品牌拼接,需拆分核实",规则推断·未核验
1350,"QSQG,柔恩莱（ROUND LAB）",待核验(多品牌组合),待核验,"多品牌拼接,需拆分核实",规则推断·未核验
1351,"德国唯宝（Villeroy&Boch）,MEPAL",待核验(多品牌组合),待核验,"多品牌拼接,需拆分核实",规则推断·未核验
1352,"艾天然（Attenir）,蛇毒（Spa treatment）",待核验(多品牌组合),待核验,"多品牌拼接,需拆分核实",规则推断·未核验
1353,VZP,疑似假洋牌(无元音),高,"无元音字母,高风险生造名",规则推断·未核验
1354,"SUNSTAR,喜宝（HiPP）",待核验(多品牌组合),待核验,"多品牌拼接,需拆分核实",规则推断·未核验
1355,Anthéla,待核验(英文名),待核验,"英文名,需联网核验",规则推断·未核验
1356,欧护（OFF！）,待核验(中英混合),待核验,"中英混合,通常为真品牌,需逐个搜索",规则推断·未核验
1357,"Lychee Gold,十四代",待核验(多品牌组合),待核验,"多品牌拼接,需拆分核实",规则推断·未核验
1358,"二宝（Nimm2）,闻绮（Venchi）",待核验(多品牌组合),待核验,"多品牌拼接,需拆分核实",规则推断·未核验
1359,"Ausiki,子母（DUTCH LADY）",待核验(多品牌组合),待核验,"多品牌拼接,需拆分核实",规则推断·未核验
1360,"莱家（LOACKER）,NEXXUS",待核验(多品牌组合),待核验,"多品牌拼接,需拆分核实",规则推断·未核验
1361,天维美,非假洋牌(国产),低,需进一步核实,规则推断·未核验
1362,"VIAGGIO ESPRESSO,ZESS",待核验(多品牌组合),待核验,"多品牌拼接,需拆分核实",规则推断·未核验
1363,Waitrose,待核验(英文名),待核验,"英文名,需联网核验",规则推断·未核验
1364,"Alessi,日立（HITACHI）",待核验(多品牌组合),待核验,"多品牌拼接,需拆分核实",规则推断·未核验
1365,"格兰花格（Glenfarclas）,格兰冠（Glen Grant）",待核验(多品牌组合),待核验,"多品牌拼接,需拆分核实",规则推断·未核验
1366,"雅霜,松山油脂",待核验(多品牌组合),待核验,"多品牌拼接,需拆分核实",规则推断·未核验
1367,"帆船,欧护（OFF！）",待核验(多品牌组合),待核验,"多品牌拼接,需拆分核实",规则推断·未核验
1368,"GOQURIA,Refine",待核验(多品牌组合),待核验,"多品牌拼接,需拆分核实",规则推断·未核验
1369,"其他家,钜记饼家",待核验(多品牌组合),待核验,"多品牌拼接,需拆分核实",规则推断·未核验
1370,"养命酒,尤妮佳（unicharm）",待核验(多品牌组合),待核验,"多品牌拼接,需拆分核实",规则推断·未核验
1371,"博智,若瑟",待核验(多品牌组合),待核验,"多品牌拼接,需拆分核实",规则推断·未核验
1372,"ALJOMAR,蓝丝帕",待核验(多品牌组合),待核验,"多品牌拼接,需拆分核实",规则推断·未核验
1373,"格兰纳里奇（GlenAllachie）,克斯阿苏尔",待核验(多品牌组合),待核验,"多品牌拼接,需拆分核实",规则推断·未核验
1374,"DX,PP",待核验(多品牌组合),待核验,"多品牌拼接,需拆分核实",规则推断·未核验
1375,"纽乐葆,优佳（Ultrasun）",待核验(多品牌组合),待核验,"多品牌拼接,需拆分核实",规则推断·未核验
1376,"馬油保湿成分（horse oil）,吾诺",待核验(多品牌组合),待核验,"多品牌拼接,需拆分核实",规则推断·未核验
1377,"Lychee Gold,仓吉",待核验(多品牌组合),待核验,"多品牌拼接,需拆分核实",规则推断·未核验
1378,"圣艾芙（S.IV）,Dariya",待核验(多品牌组合),待核验,"多品牌拼接,需拆分核实",规则推断·未核验
1379,"所望（SOMANG）,润培",待核验(多品牌组合),待核验,"多品牌拼接,需拆分核实",规则推断·未核验
1380,SAFERUN,待核验(英文名),待核验,"英文名,需联网核验",规则推断·未核验
1381,"十四代,作品一号",待核验(多品牌组合),待核验,"多品牌拼接,需拆分核实",规则推断·未核验
1382,"格兰纳里奇（GlenAllachie）,克拉米伦庄园（Chateau Clerc Milon）",待核验(多品牌组合),待核验,"多品牌拼接,需拆分核实",规则推断·未核验
1383,"波路梦（Bourbon）,森永（Morinaga）",待核验(多品牌组合),待核验,"多品牌拼接,需拆分核实",规则推断·未核验
1384,"格兰纳里奇（GlenAllachie）,富特尼（Old Pulterior）",待核验(多品牌组合),待核验,"多品牌拼接,需拆分核实",规则推断·未核验
1385,"世喜花语,Didinika",待核验(多品牌组合),待核验,"多品牌拼接,需拆分核实",规则推断·未核验
1386,"Moonshine,火龙（FIREBALL）",待核验(多品牌组合),待核验,"多品牌拼接,需拆分核实",规则推断·未核验
1387,"碧雅诗,Dariya",待核验(多品牌组合),待核验,"多品牌拼接,需拆分核实",规则推断·未核验
1388,"JOLI,PLIFT",待核验(多品牌组合),待核验,"多品牌拼接,需拆分核实",规则推断·未核验
1389,"加州乐事,世界名庄（Fine Wine）",待核验(多品牌组合),待核验,"多品牌拼接,需拆分核实",规则推断·未核验
1390,"晶杰,elmex",待核验(多品牌组合),待核验,"多品牌拼接,需拆分核实",规则推断·未核验
1391,"乎刻,ego qv",待核验(多品牌组合),待核验,"多品牌拼接,需拆分核实",规则推断·未核验
1392,"高丝（Kose）,玉肌（TAMANOHADA）",待核验(多品牌组合),待核验,"多品牌拼接,需拆分核实",规则推断·未核验
1393,"奥纯冠（Nature One Dairy）,Caprilac",待核验(多品牌组合),待核验,"多品牌拼接,需拆分核实",规则推断·未核验
1394,"久光令,保美雅（Promina）",待核验(多品牌组合),待核验,"多品牌拼接,需拆分核实",规则推断·未核验
1395,SPICARE V3,待核验(英文名),待核验,"英文名,需联网核验",规则推断·未核验
1396,SUMMER'S EVE,待核验(英文名),待核验,"英文名,需联网核验",规则推断·未核验
1397,"FAMILIE,珍殿",待核验(多品牌组合),待核验,"多品牌拼接,需拆分核实",规则推断·未核验
1398,"梦达俊雅丝（MONTAGNE JEUNESSE）,叙美雅",待核验(多品牌组合),待核验,"多品牌拼接,需拆分核实",规则推断·未核验
1399,"IWACHU,aarke",待核验(多品牌组合),待核验,"多品牌拼接,需拆分核实",规则推断·未核验
1400,"e.l.f.,EOS",待核验(多品牌组合),待核验,"多品牌拼接,需拆分核实",规则推断·未核验
1401,"立兴（Botherless）,Trident",待核验(多品牌组合),待核验,"多品牌拼接,需拆分核实",规则推断·未核验
1402,古缇（CULTI）,待核验(中英混合),待核验,"中英混合,通常为真品牌,需逐个搜索",规则推断·未核验
1403,"scenkan,地球乐园",待核验(多品牌组合),待核验,"多品牌拼接,需拆分核实",规则推断·未核验
1404,"妃漾迷,HIEUAILR",待核验(多品牌组合),待核验,"多品牌拼接,需拆分核实",规则推断·未核验
1405,"（Martell）,卡慕（CAMUS）",待核验(多品牌组合),待核验,"多品牌拼接,需拆分核实",规则推断·未核验
1406,"其他家,波尔若米",待核验(多品牌组合),待核验,"多品牌拼接,需拆分核实",规则推断·未核验
1407,"Moccona,Bubs",待核验(多品牌组合),待核验,"多品牌拼接,需拆分核实",规则推断·未核验
1408,"too faced,向日花",待核验(多品牌组合),待核验,"多品牌拼接,需拆分核实",规则推断·未核验
1409,"奥纯冠（Nature One Dairy）,香蕉船（Banana Boat）",待核验(多品牌组合),待核验,"多品牌拼接,需拆分核实",规则推断·未核验
1410,OVANO,待核验(英文名),待核验,"英文名,需联网核验",规则推断·未核验
1411,"skinB5,SorLife",待核验(多品牌组合),待核验,"多品牌拼接,需拆分核实",规则推断·未核验
1412,"其他家,DOGADAN",待核验(多品牌组合),待核验,"多品牌拼接,需拆分核实",规则推断·未核验
1413,"猛虎皇,自然之选",待核验(多品牌组合),待核验,"多品牌拼接,需拆分核实",规则推断·未核验
1414,"保加奥图,美漾（Mayfresh）",待核验(多品牌组合),待核验,"多品牌拼接,需拆分核实",规则推断·未核验
1415,天上野,非假洋牌(国产),低,需进一步核实,规则推断·未核验
1416,美源（bigen）,待核验(中英混合),待核验,"中英混合,通常为真品牌,需逐个搜索",规则推断·未核验
1417,"Nutrition Care,pipingrock",待核验(多品牌组合),待核验,"多品牌拼接,需拆分核实",规则推断·未核验
1418,"三井（TRI-WELL）,Malin+Goetz",待核验(多品牌组合),待核验,"多品牌拼接,需拆分核实",规则推断·未核验
1419,"妮飘（Nepia）,象普（SHINPUR）",待核验(多品牌组合),待核验,"多品牌拼接,需拆分核实",规则推断·未核验
1420,"金缕梅（Thayers）,VANICREAM",待核验(多品牌组合),待核验,"多品牌拼接,需拆分核实",规则推断·未核验
1421,"波路梦（Bourbon）,朝日",待核验(多品牌组合),待核验,"多品牌拼接,需拆分核实",规则推断·未核验
1422,iosn,待核验(英文名),待核验,"英文名,需联网核验",规则推断·未核验
1423,"玉肌（TAMANOHADA）,欧仕派（OLD SPICE）",待核验(多品牌组合),待核验,"多品牌拼接,需拆分核实",规则推断·未核验
1424,"朗德林（Laundrin）,摩隆（MARO）",待核验(多品牌组合),待核验,"多品牌拼接,需拆分核实",规则推断·未核验
1425,"玛蒂德肤（MartiDerm）,DELIPLUS",待核验(多品牌组合),待核验,"多品牌拼接,需拆分核实",规则推断·未核验
1426,"LITTLE GIANT,天鹅庄",待核验(多品牌组合),待核验,"多品牌拼接,需拆分核实",规则推断·未核验
1427,"欧仕派（OLD SPICE）,GLYSOMED加素美",待核验(多品牌组合),待核验,"多品牌拼接,需拆分核实",规则推断·未核验
1428,"A-Scabs,FSNMN",待核验(多品牌组合),待核验,"多品牌拼接,需拆分核实",规则推断·未核验
1429,"哈奴曼,爱托美",待核验(多品牌组合),待核验,"多品牌拼接,需拆分核实",规则推断·未核验
1430,"金鸟（KINCHO）,追幸兔",待核验(多品牌组合),待核验,"多品牌拼接,需拆分核实",规则推断·未核验
1431,ECOMAAT,待核验(英文名),待核验,"英文名,需联网核验",规则推断·未核验
1432,"BALVENIE,格兰威特",待核验(多品牌组合),待核验,"多品牌拼接,需拆分核实",规则推断·未核验
1433,Burwilde,待核验(英文名),待核验,"英文名,需联网核验",规则推断·未核验
1434,"Nuilaa,NUMBUZIN",待核验(多品牌组合),待核验,"多品牌拼接,需拆分核实",规则推断·未核验
1435,"迪朗贝斯（DELON）,桐灰（KIRIBAI）",待核验(多品牌组合),待核验,"多品牌拼接,需拆分核实",规则推断·未核验
1436,"维蕾德（WELEDA）,Bubs",待核验(多品牌组合),待核验,"多品牌拼接,需拆分核实",规则推断·未核验
1437,"Ronas,苏秘37°（Su:m37°）",待核验(多品牌组合),待核验,"多品牌拼接,需拆分核实",规则推断·未核验
1438,"马祖,八八坑道",待核验(多品牌组合),待核验,"多品牌拼接,需拆分核实",规则推断·未核验
1439,澳滋（Oz Farm）,待核验(中英混合),待核验,"中英混合,通常为真品牌,需逐个搜索",规则推断·未核验
1440,PALAIR,待核验(英文名),待核验,"英文名,需联网核验",规则推断·未核验
1441,"喜宝（HiPP）,Ausiki",待核验(多品牌组合),待核验,"多品牌拼接,需拆分核实",规则推断·未核验
1442,"拉瓦萨（LAVAZZA）,德龙(Delonghi)",待核验(多品牌组合),待核验,"多品牌拼接,需拆分核实",规则推断·未核验
1443,"Ferrero,LAVAZZA",待核验(多品牌组合),待核验,"多品牌拼接,需拆分核实",规则推断·未核验
1444,"牛乳石硷,金牌一条根",待核验(多品牌组合),待核验,"多品牌拼接,需拆分核实",规则推断·未核验
1445,"Benamor,Aquaphor",待核验(多品牌组合),待核验,"多品牌拼接,需拆分核实",规则推断·未核验
1446,"朝日,味霸",待核验(多品牌组合),待核验,"多品牌拼接,需拆分核实",规则推断·未核验
1447,"贝拉米（Bellamy's）,CAMELICIOUS",待核验(多品牌组合),待核验,"多品牌拼接,需拆分核实",规则推断·未核验
1448,AVIOT,待核验(英文名),待核验,"英文名,需联网核验",规则推断·未核验
1449,TOALSON,待核验(英文名),待核验,"英文名,需联网核验",规则推断·未核验
1450,"其他家,SO ACAI",待核验(多品牌组合),待核验,"多品牌拼接,需拆分核实",规则推断·未核验
1451,"臻护新苼,Hero",待核验(多品牌组合),待核验,"多品牌拼接,需拆分核实",规则推断·未核验
1452,KJUS,待核验(英文名),待核验,"英文名,需联网核验",规则推断·未核验
1453,"每日（Maeil）,森宝（Semper）",待核验(多品牌组合),待核验,"多品牌拼接,需拆分核实",规则推断·未核验
1454,Ronas,待核验(英文名),待核验,"英文名,需联网核验",规则推断·未核验
1455,"ANINE BING,MSGM",待核验(多品牌组合),待核验,"多品牌拼接,需拆分核实",规则推断·未核验
1456,"vigrx plus,Bubs",待核验(多品牌组合),待核验,"多品牌拼接,需拆分核实",规则推断·未核验
1457,福摩（Fromm）,待核验(中英混合),待核验,"中英混合,通常为真品牌,需逐个搜索",规则推断·未核验
1458,"高丝（Kose）,尼佰世",待核验(多品牌组合),待核验,"多品牌拼接,需拆分核实",规则推断·未核验
1459,"NINJA,Breville",待核验(多品牌组合),待核验,"多品牌拼接,需拆分核实",规则推断·未核验
1460,ALIVAYA,待核验(英文名),待核验,"英文名,需联网核验",规则推断·未核验
1461,"高丝（Kose）,维蕾德（WELEDA）",待核验(多品牌组合),待核验,"多品牌拼接,需拆分核实",规则推断·未核验
1462,"OXYENERGY 氧气能量,RD",待核验(多品牌组合),待核验,"多品牌拼接,需拆分核实",规则推断·未核验
1463,"高丝（Kose）,杰士派（GATSBY）",待核验(多品牌组合),待核验,"多品牌拼接,需拆分核实",规则推断·未核验
1464,"VITACREME B12,拉普瑞斯（lapulovce）",待核验(多品牌组合),待核验,"多品牌拼接,需拆分核实",规则推断·未核验
1465,truezyme,待核验(英文名),待核验,"英文名,需联网核验",规则推断·未核验
1466,朝日（Asahi）,待核验(中英混合),待核验,"中英混合,通常为真品牌,需逐个搜索",规则推断·未核验
1467,OMIEBOX,待核验(英文名),待核验,"英文名,需联网核验",规则推断·未核验
1468,培健（Rogaine）,待核验(中英混合),待核验,"中英混合,通常为真品牌,需逐个搜索",规则推断·未核验
1469,"菲诗小铺（THE FACE SHOP）,自然乐园",待核验(多品牌组合),待核验,"多品牌拼接,需拆分核实",规则推断·未核验
1470,"健美生,DCY",待核验(多品牌组合),待核验,"多品牌拼接,需拆分核实",规则推断·未核验
1471,"悠斯晶（yuskin）,芭乐雅（Balea）",待核验(多品牌组合),待核验,"多品牌拼接,需拆分核实",规则推断·未核验
1472,Nutriben,待核验(英文名),待核验,"英文名,需联网核验",规则推断·未核验
1473,万多福,非假洋牌(国产),低,需进一步核实,规则推断·未核验
1474,ICHENDORF,待核验(英文名),待核验,"英文名,需联网核验",规则推断·未核验
1475,NOTHING BETTER,待核验(英文名),待核验,"英文名,需联网核验",规则推断·未核验
1476,润美迪欧,非假洋牌(国产),低,需进一步核实,规则推断·未核验
1477,"阿彼芙（ABIB）,NUMBUZIN",待核验(多品牌组合),待核验,"多品牌拼接,需拆分核实",规则推断·未核验
1478,"劲浪airwaves,新亚（Sina）",待核验(多品牌组合),待核验,"多品牌拼接,需拆分核实",规则推断·未核验
1479,"多良见,阿华田（Ovaltine）",待核验(多品牌组合),待核验,"多品牌拼接,需拆分核实",规则推断·未核验
1480,"桐灰（KIRIBAI）,asahi",待核验(多品牌组合),待核验,"多品牌拼接,需拆分核实",规则推断·未核验
1481,"庭萃,雅蔻（ARTDECO）",待核验(多品牌组合),待核验,"多品牌拼接,需拆分核实",规则推断·未核验
1482,"BABI,Tondi",待核验(多品牌组合),待核验,"多品牌拼接,需拆分核实",规则推断·未核验
1483,"Bubs,艾优睿",待核验(多品牌组合),待核验,"多品牌拼接,需拆分核实",规则推断·未核验
1484,"亭宜（tani）,HOM",待核验(多品牌组合),待核验,"多品牌拼接,需拆分核实",规则推断·未核验
1485,"高丝（Kose）,UZU",待核验(多品牌组合),待核验,"多品牌拼接,需拆分核实",规则推断·未核验
1486,"黛莉亚,BH",待核验(多品牌组合),待核验,"多品牌拼接,需拆分核实",规则推断·未核验
1487,"瓦提卡（vatika）,Pelican",待核验(多品牌组合),待核验,"多品牌拼接,需拆分核实",规则推断·未核验
1488,"辛克宝贝（thinkbaby）,欧仕派（OLD SPICE）",待核验(多品牌组合),待核验,"多品牌拼接,需拆分核实",规则推断·未核验
1489,"Dermaroller,ANTIO",待核验(多品牌组合),待核验,"多品牌拼接,需拆分核实",规则推断·未核验
1490,"高丝（Kose）,东丽（TORAY）",待核验(多品牌组合),待核验,"多品牌拼接,需拆分核实",规则推断·未核验
1491,"万金,肤润康（FUYUNHON）",待核验(多品牌组合),待核验,"多品牌拼接,需拆分核实",规则推断·未核验
1492,"Unichi,无比膏",待核验(多品牌组合),待核验,"多品牌拼接,需拆分核实",规则推断·未核验
1493,"HARIO,日立（HITACHI）",待核验(多品牌组合),待核验,"多品牌拼接,需拆分核实",规则推断·未核验
1494,"力士金庄园,卡慕（CAMUS）",待核验(多品牌组合),待核验,"多品牌拼接,需拆分核实",规则推断·未核验
1495,"Refine,MJ",待核验(多品牌组合),待核验,"多品牌拼接,需拆分核实",规则推断·未核验
1496,"peripera,匠の技（TAKUMINOWAZA）",待核验(多品牌组合),待核验,"多品牌拼接,需拆分核实",规则推断·未核验
1497,"格兰纳里奇（GlenAllachie）,大摩（DALMORE）",待核验(多品牌组合),待核验,"多品牌拼接,需拆分核实",规则推断·未核验
1498,"K9 Natural,哈根纽翠斯（NUTRIENCE）",待核验(多品牌组合),待核验,"多品牌拼接,需拆分核实",规则推断·未核验
1499,洛克星菲（LOCKSTARFY）,待核验(中英混合),待核验,"中英混合,通常为真品牌,需逐个搜索",规则推断·未核验
1500,"HABA,春雨（Papa recipe）",待核验(多品牌组合),待核验,"多品牌拼接,需拆分核实",规则推断·未核验
1501,"Dugladze wines&spirits,玛莎内庄园（MASHANEIZHUANGYUAN）",待核验(多品牌组合),待核验,"多品牌拼接,需拆分核实",规则推断·未核验
1502,"贝拉米（Bellamy's）,BTNature",待核验(多品牌组合),待核验,"多品牌拼接,需拆分核实",规则推断·未核验
1503,"康俪美（HBII）,艾诗（Enchanteur）",待核验(多品牌组合),待核验,"多品牌拼接,需拆分核实",规则推断·未核验
1504,"贝拉米（Bellamy's）,艾优睿",待核验(多品牌组合),待核验,"多品牌拼接,需拆分核实",规则推断·未核验
1505,"POBTOS5+,雅蔻（ARTDECO）",待核验(多品牌组合),待核验,"多品牌拼接,需拆分核实",规则推断·未核验
1506,"高丝（Kose）,HEAVEN PINK",待核验(多品牌组合),待核验,"多品牌拼接,需拆分核实",规则推断·未核验
1507,"碧雅诗,SP",待核验(多品牌组合),待核验,"多品牌拼接,需拆分核实",规则推断·未核验
1508,SENKA,待核验(英文名),待核验,"英文名,需联网核验",规则推断·未核验
1509,新安怡（AVENT）,待核验(中英混合),待核验,"中英混合,通常为真品牌,需逐个搜索",规则推断·未核验
1510,"苏秘37°（Su:m37°）,欧蕙（OHUI）",待核验(多品牌组合),待核验,"多品牌拼接,需拆分核实",规则推断·未核验
1511,"S&B,頂好牌",待核验(多品牌组合),待核验,"多品牌拼接,需拆分核实",规则推断·未核验
1512,"CLAYMORE,Concha y Toro",待核验(多品牌组合),待核验,"多品牌拼接,需拆分核实",规则推断·未核验
1513,"浮美,美浮特",待核验(多品牌组合),待核验,"多品牌拼接,需拆分核实",规则推断·未核验
1514,"森宝（Semper）,安满（ANMUM）",待核验(多品牌组合),待核验,"多品牌拼接,需拆分核实",规则推断·未核验
1515,"卢卡斯Lucas,SHEVEU",待核验(多品牌组合),待核验,"多品牌拼接,需拆分核实",规则推断·未核验
1516,"VINA POMAL,龙船（Chateau Beychevelle）",待核验(多品牌组合),待核验,"多品牌拼接,需拆分核实",规则推断·未核验
1517,楼上,非假洋牌(国产),低,需进一步核实,规则推断·未核验
1518,"藏（KURA）,喜宝（HiPP）",待核验(多品牌组合),待核验,"多品牌拼接,需拆分核实",规则推断·未核验
1519,"NANOCARE,Moccona",待核验(多品牌组合),待核验,"多品牌拼接,需拆分核实",规则推断·未核验
1520,"SEAKISS,LOSOKI",待核验(多品牌组合),待核验,"多品牌拼接,需拆分核实",规则推断·未核验
1521,"珀莱雅双抗,梦希蓝",待核验(多品牌组合),待核验,"多品牌拼接,需拆分核实",规则推断·未核验
1522,"Dariya,尚和手套（SHOWA）",待核验(多品牌组合),待核验,"多品牌拼接,需拆分核实",规则推断·未核验
1523,"汉方,巧虎",待核验(多品牌组合),待核验,"多品牌拼接,需拆分核实",规则推断·未核验
1524,"珀莱雅双抗,恩沙（ENTIA）",待核验(多品牌组合),待核验,"多品牌拼接,需拆分核实",规则推断·未核验
1525,"麦卡伦（MACALLAN）,格兰花格",待核验(多品牌组合),待核验,"多品牌拼接,需拆分核实",规则推断·未核验
1526,"XD,昆斯特勒",待核验(多品牌组合),待核验,"多品牌拼接,需拆分核实",规则推断·未核验
1527,ENSURE GUARD,待核验(英文名),待核验,"英文名,需联网核验",规则推断·未核验
1528,"帮庭（bounty）,Medallion",待核验(多品牌组合),待核验,"多品牌拼接,需拆分核实",规则推断·未核验
1529,cellpure,待核验(英文名),待核验,"英文名,需联网核验",规则推断·未核验
1530,"中原（TRUNG NGUYEN）,HEALTHY GARDEN",待核验(多品牌组合),待核验,"多品牌拼接,需拆分核实",规则推断·未核验
1531,"菲洛嘉（Filorga）,White feather",待核验(多品牌组合),待核验,"多品牌拼接,需拆分核实",规则推断·未核验
1532,"康如（KLORANE）,老瑤薑",待核验(多品牌组合),待核验,"多品牌拼接,需拆分核实",规则推断·未核验
1533,"Jam,娜帕蒂卡",待核验(多品牌组合),待核验,"多品牌拼接,需拆分核实",规则推断·未核验
1534,"恩萃（NATURAL greatness）,A.P.D.C.",待核验(多品牌组合),待核验,"多品牌拼接,需拆分核实",规则推断·未核验
1535,"C,YS",待核验(多品牌组合),待核验,"多品牌拼接,需拆分核实",规则推断·未核验
1536,"牛乳石硷,意立诗（ellips）",待核验(多品牌组合),待核验,"多品牌拼接,需拆分核实",规则推断·未核验
1537,"缤若诗（Bifesta）,杰士派（GATSBY）",待核验(多品牌组合),待核验,"多品牌拼接,需拆分核实",规则推断·未核验
1538,耐斯澎澎,非假洋牌(国产),低,需进一步核实,规则推断·未核验
1539,"蜜丝婷（misiting）,悠莱",待核验(多品牌组合),待核验,"多品牌拼接,需拆分核实",规则推断·未核验
1540,"梦希蓝,Dariya",待核验(多品牌组合),待核验,"多品牌拼接,需拆分核实",规则推断·未核验
1541,"金鸟（KINCHO）,汉方",待核验(多品牌组合),待核验,"多品牌拼接,需拆分核实",规则推断·未核验
1542,"KESALAN PATHARAN,芮芓",待核验(多品牌组合),待核验,"多品牌拼接,需拆分核实",规则推断·未核验
1543,"Bubs,布朗康田酒庄（Chateau Brane-Cantenac）",待核验(多品牌组合),待核验,"多品牌拼接,需拆分核实",规则推断·未核验
1544,"贝娜婷（Penaten）,澳肌莱（Skin Nutrient）",待核验(多品牌组合),待核验,"多品牌拼接,需拆分核实",规则推断·未核验
1545,"Dariya,托尼魅力（TonyMoly）",待核验(多品牌组合),待核验,"多品牌拼接,需拆分核实",规则推断·未核验
1546,"阿彼芙（ABIB）,苏秘37°（Su:m37°）",待核验(多品牌组合),待核验,"多品牌拼接,需拆分核实",规则推断·未核验
1547,"日本叮叮,MADONNA",待核验(多品牌组合),待核验,"多品牌拼接,需拆分核实",规则推断·未核验
1548,美士,非假洋牌(国产),低,需进一步核实,规则推断·未核验
1549,"藤井源创,ANTIO",待核验(多品牌组合),待核验,"多品牌拼接,需拆分核实",规则推断·未核验
1550,"梦达俊雅丝（MONTAGNE JEUNESSE）,优斐斯（uface）",待核验(多品牌组合),待核验,"多品牌拼接,需拆分核实",规则推断·未核验
1551,"高丝（Kose）,优斐斯（uface）",待核验(多品牌组合),待核验,"多品牌拼接,需拆分核实",规则推断·未核验
1552,"珀莱雅双抗,DEVIANCE",待核验(多品牌组合),待核验,"多品牌拼接,需拆分核实",规则推断·未核验
1553,"377,美妍世家",待核验(多品牌组合),待核验,"多品牌拼接,需拆分核实",规则推断·未核验
1554,"贝拉米（Bellamy's）,贝臣（Bübchen）",待核验(多品牌组合),待核验,"多品牌拼接,需拆分核实",规则推断·未核验
1555,"喜宝（HiPP）,牛栏（Cow&Gate）",待核验(多品牌组合),待核验,"多品牌拼接,需拆分核实",规则推断·未核验
1556,"皇家澳纽（ROYAL AUSNZ）,和光堂（Wakodo）",待核验(多品牌组合),待核验,"多品牌拼接,需拆分核实",规则推断·未核验
1557,路易老爷（Louis Royer）,待核验(中英混合),待核验,"中英混合,通常为真品牌,需逐个搜索",规则推断·未核验
1558,"HABA,SUMDOY",待核验(多品牌组合),待核验,"多品牌拼接,需拆分核实",规则推断·未核验
1559,ESSONIO,待核验(英文名),待核验,"英文名,需联网核验",规则推断·未核验
1560,"铂富（Breville）,Nespresso",待核验(多品牌组合),待核验,"多品牌拼接,需拆分核实",规则推断·未核验
1561,"秀雅韩（Sooryehan）,丽得姿（LEADERS）",待核验(多品牌组合),待核验,"多品牌拼接,需拆分核实",规则推断·未核验
1562,"其他家,厚健堂",待核验(多品牌组合),待核验,"多品牌拼接,需拆分核实",规则推断·未核验
1563,QV,疑似假洋牌(无元音),高,"无元音字母,高风险生造名",规则推断·未核验
1564,merci,待核验(英文名),待核验,"英文名,需联网核验",规则推断·未核验
1565,AlmaWin,待核验(英文名),待核验,"英文名,需联网核验",规则推断·未核验
1566,"Lubriderm,GLYSOMED加素美",待核验(多品牌组合),待核验,"多品牌拼接,需拆分核实",规则推断·未核验
1567,芭克美,非假洋牌(国产),低,需进一步核实,规则推断·未核验
1568,CMLink,真洋牌,低-中,"中国移动国际真品牌,母国公司真实",已联网核验
1569,"达格诺（Didier Dagueneau）,约瑟夫杜鲁安（Joseph Drouhin ）",待核验(多品牌组合),待核验,"多品牌拼接,需拆分核实",规则推断·未核验
1570,Mioyo妙友,待核验(中英混合),待核验,"中英混合,通常为真品牌,需逐个搜索",规则推断·未核验
1571,"皮埃尔·吉拉尔丁酒庄（Pierre Girardin）,约瑟夫杜鲁安（Joseph Drouhin ）",待核验(多品牌组合),待核验,"多品牌拼接,需拆分核实",规则推断·未核验
1572,Alfresco,待核验(英文名),待核验,"英文名,需联网核验",规则推断·未核验
1573,Apagard,待核验(英文名),待核验,"英文名,需联网核验",规则推断·未核验
1574,Hulubulu,待核验(英文名),待核验,"英文名,需联网核验",规则推断·未核验
1575,淘物人,非假洋牌(国产),低,需进一步核实,规则推断·未核验
1576,"ANTIO,LZ 美妆",待核验(多品牌组合),待核验,"多品牌拼接,需拆分核实",规则推断·未核验
1577,"Turkey Hill Sugarbush,哥伦布斯（COLUMBUS）",待核验(多品牌组合),待核验,"多品牌拼接,需拆分核实",规则推断·未核验
1578,美乐家（melitta）,待核验(中英混合),待核验,"中英混合,通常为真品牌,需逐个搜索",规则推断·未核验
1579,"FINGKARO,科丽真",待核验(多品牌组合),待核验,"多品牌拼接,需拆分核实",规则推断·未核验
1580,"劳拉之星（LAURASTAR）,SAGE",待核验(多品牌组合),待核验,"多品牌拼接,需拆分核实",规则推断·未核验
1581,"其他家  OTHER HOME,吾诺（UNO）",待核验(多品牌组合),待核验,"多品牌拼接,需拆分核实",规则推断·未核验
1582,响(Hibiki),待核验(中英混合),待核验,"中英混合,通常为真品牌,需逐个搜索",规则推断·未核验
1583,"SUMDOY,EXPRESSIONS",待核验(多品牌组合),待核验,"多品牌拼接,需拆分核实",规则推断·未核验
1584,"LIFE EXTENSION,Nature's Bounty",待核验(多品牌组合),待核验,"多品牌拼接,需拆分核实",规则推断·未核验
1585,"GBT,Kizs the Nature",待核验(多品牌组合),待核验,"多品牌拼接,需拆分核实",规则推断·未核验
1586,"SEA BREEZE,Oneday Brightener",待核验(多品牌组合),待核验,"多品牌拼接,需拆分核实",规则推断·未核验
1587,"Dariya,SHEVEU",待核验(多品牌组合),待核验,"多品牌拼接,需拆分核实",规则推断·未核验
1588,LANNITI,待核验(英文名),待核验,"英文名,需联网核验",规则推断·未核验
1589,"preparation H,赤姬",待核验(多品牌组合),待核验,"多品牌拼接,需拆分核实",规则推断·未核验
1590,"Nittaku,高丝（Kose）",待核验(多品牌组合),待核验,"多品牌拼接,需拆分核实",规则推断·未核验
1591,"健力士（GUINNESS）,野格",待核验(多品牌组合),待核验,"多品牌拼接,需拆分核实",规则推断·未核验
1592,"BLEMIL,Caprilac",待核验(多品牌组合),待核验,"多品牌拼接,需拆分核实",规则推断·未核验
1593,"krups,Alessi",待核验(多品牌组合),待核验,"多品牌拼接,需拆分核实",规则推断·未核验
1594,"LeTAO,白色恋人",待核验(多品牌组合),待核验,"多品牌拼接,需拆分核实",规则推断·未核验
1595,"CHATEAU POUJEAUX,木桐（Mouton）",待核验(多品牌组合),待核验,"多品牌拼接,需拆分核实",规则推断·未核验
1596,"Dermaroller,MCM",待核验(多品牌组合),待核验,"多品牌拼接,需拆分核实",规则推断·未核验
1597,"珀莱雅双抗,PORCOPE",待核验(多品牌组合),待核验,"多品牌拼接,需拆分核实",规则推断·未核验
1598,"易利气,德国雄狮",待核验(多品牌组合),待核验,"多品牌拼接,需拆分核实",规则推断·未核验
1599,"SNACKIT,Health Care",待核验(多品牌组合),待核验,"多品牌拼接,需拆分核实",规则推断·未核验
1600,"Benamor,UZU",待核验(多品牌组合),待核验,"多品牌拼接,需拆分核实",规则推断·未核验
1601,Aneoktur,待核验(英文名),待核验,"英文名,需联网核验",规则推断·未核验
1602,belulu,待核验(英文名),待核验,"英文名,需联网核验",规则推断·未核验
1603,三得利Suntory,待核验(中英混合),待核验,"中英混合,通常为真品牌,需逐个搜索",规则推断·未核验
1604,"其他品牌,TEAC",待核验(多品牌组合),待核验,"多品牌拼接,需拆分核实",规则推断·未核验
1605,"倍得适（Playtex）,Dariya",待核验(多品牌组合),待核验,"多品牌拼接,需拆分核实",规则推断·未核验
1606,"碧缇丝（batiste）,体吉（TIGI）",待核验(多品牌组合),待核验,"多品牌拼接,需拆分核实",规则推断·未核验
1607,"高丝（Kose）,牛乳石硷",待核验(多品牌组合),待核验,"多品牌拼接,需拆分核实",规则推断·未核验
1608,HZ,疑似假洋牌(无元音),高,"无元音字母,高风险生造名",规则推断·未核验
1609,"HIDDEN VALLEY RANCH,Horizon Organic",待核验(多品牌组合),待核验,"多品牌拼接,需拆分核实",规则推断·未核验
1610,"EARTHQUAKE,达尼（DALI）",待核验(多品牌组合),待核验,"多品牌拼接,需拆分核实",规则推断·未核验
1611,Wedgwood,待核验(英文名),待核验,"英文名,需联网核验",规则推断·未核验
1612,"森宝（Semper）,子母（DUTCH LADY）",待核验(多品牌组合),待核验,"多品牌拼接,需拆分核实",规则推断·未核验
1613,"WIS,蜜丝婷（misiting）",待核验(多品牌组合),待核验,"多品牌拼接,需拆分核实",规则推断·未核验
1614,"德国世家（Dr.Hauschka）,Dermaroller",待核验(多品牌组合),待核验,"多品牌拼接,需拆分核实",规则推断·未核验
1615,"高丝（Kose）,欧护（OFF！）",待核验(多品牌组合),待核验,"多品牌拼接,需拆分核实",规则推断·未核验
1616,"A'PIEU,FANOLA",待核验(多品牌组合),待核验,"多品牌拼接,需拆分核实",规则推断·未核验
1617,"生鲜本能（instinct）,NOW FRESH",待核验(多品牌组合),待核验,"多品牌拼接,需拆分核实",规则推断·未核验
1618,百昌隆,非假洋牌(国产),低,需进一步核实,规则推断·未核验
1619,"Alpha Hydrox,千妍",待核验(多品牌组合),待核验,"多品牌拼接,需拆分核实",规则推断·未核验
1620,"格兰纳里奇（GlenAllachie）,吉拉（JURA）",待核验(多品牌组合),待核验,"多品牌拼接,需拆分核实",规则推断·未核验
1621,伟彩（vcolor）,待核验(中英混合),待核验,"中英混合,通常为真品牌,需逐个搜索",规则推断·未核验
1622,"蕾珂美,箴颜（ZIINYIIN）",待核验(多品牌组合),待核验,"多品牌拼接,需拆分核实",规则推断·未核验
1623,"幽兰一品（THE ORCHID SKIN）,高丝（Kose）",待核验(多品牌组合),待核验,"多品牌拼接,需拆分核实",规则推断·未核验
1624,"高丝（Kose）,水之印（AQUALABEL）",待核验(多品牌组合),待核验,"多品牌拼接,需拆分核实",规则推断·未核验
1625,"Dariya,星洲",待核验(多品牌组合),待核验,"多品牌拼接,需拆分核实",规则推断·未核验
1626,"喜宝（HiPP）,妙思乐（Mustela）",待核验(多品牌组合),待核验,"多品牌拼接,需拆分核实",规则推断·未核验
1627,"TO&FOR,秀肤生（Cell Fusion C）",待核验(多品牌组合),待核验,"多品牌拼接,需拆分核实",规则推断·未核验
1628,"无,ANTIO",待核验(多品牌组合),待核验,"多品牌拼接,需拆分核实",规则推断·未核验
1629,"雪玲妃（Xuelinfe）,千贵合",待核验(多品牌组合),待核验,"多品牌拼接,需拆分核实",规则推断·未核验
1630,"高丝（Kose）,PRICELINE",待核验(多品牌组合),待核验,"多品牌拼接,需拆分核实",规则推断·未核验
1631,"巴哈,BEECHLER",待核验(多品牌组合),待核验,"多品牌拼接,需拆分核实",规则推断·未核验
1632,"膜法世家,颐莲（RELLET）",待核验(多品牌组合),待核验,"多品牌拼接,需拆分核实",规则推断·未核验
1633,"Dariya,马油（LOSHI）",待核验(多品牌组合),待核验,"多品牌拼接,需拆分核实",规则推断·未核验
1634,"纺优美,柔丽（SOFTLAN）",待核验(多品牌组合),待核验,"多品牌拼接,需拆分核实",规则推断·未核验
1635,"LORETTA,春雨（Papa recipe）",待核验(多品牌组合),待核验,"多品牌拼接,需拆分核实",规则推断·未核验
1636,LAVAZZA,待核验(英文名),待核验,"英文名,需联网核验",规则推断·未核验
1637,老瑶姜,非假洋牌(国产),低,需进一步核实,规则推断·未核验
1638,"KEDAI KOPITIAM ORIENTAL KOPI,乐敦（ROHTO）",待核验(多品牌组合),待核验,"多品牌拼接,需拆分核实",规则推断·未核验
1639,LABORTIS 1972,待核验(英文名),待核验,"英文名,需联网核验",规则推断·未核验
1640,"KENTUCKY OWL,百世醇（BUSHMILLS）",待核验(多品牌组合),待核验,"多品牌拼接,需拆分核实",规则推断·未核验
1641,未来（VAPE）,待核验(中英混合),待核验,"中英混合,通常为真品牌,需逐个搜索",规则推断·未核验
1642,"碧唇（Blistex）,摩隆（MARO）",待核验(多品牌组合),待核验,"多品牌拼接,需拆分核实",规则推断·未核验
1643,Teekanne,待核验(英文名),待核验,"英文名,需联网核验",规则推断·未核验
1644,"LADY JAYNE,可瑞康（karicare）",待核验(多品牌组合),待核验,"多品牌拼接,需拆分核实",规则推断·未核验
1645,CHOYA,待核验(英文名),待核验,"英文名,需联网核验",规则推断·未核验
1646,"悠了优乐,SAUBOTA",待核验(多品牌组合),待核验,"多品牌拼接,需拆分核实",规则推断·未核验
1647,"HARIO,孔雀（Peacock）",待核验(多品牌组合),待核验,"多品牌拼接,需拆分核实",规则推断·未核验
1648,"艾藜儿,KUVIVE",待核验(多品牌组合),待核验,"多品牌拼接,需拆分核实",规则推断·未核验
1649,"绿色溪谷,高丝（Kose）",待核验(多品牌组合),待核验,"多品牌拼接,需拆分核实",规则推断·未核验
1650,"果本（gooben）,PUCO",待核验(多品牌组合),待核验,"多品牌拼接,需拆分核实",规则推断·未核验
1651,"卓營方（YESNUTRI）,德国汉堡（Hamburg-B）",待核验(多品牌组合),待核验,"多品牌拼接,需拆分核实",规则推断·未核验
1652,"优斐斯（uface）,PLIFT",待核验(多品牌组合),待核验,"多品牌拼接,需拆分核实",规则推断·未核验
1653,"AG,Tondi",待核验(多品牌组合),待核验,"多品牌拼接,需拆分核实",规则推断·未核验
1654,"水梦令,安婕抒",待核验(多品牌组合),待核验,"多品牌拼接,需拆分核实",规则推断·未核验
1655,NULAD,待核验(英文名),待核验,"英文名,需联网核验",规则推断·未核验
1656,"澳袋丽,FAZAU",待核验(多品牌组合),待核验,"多品牌拼接,需拆分核实",规则推断·未核验
1657,"VOLCAN DE MI TIERRA,PADRE",待核验(多品牌组合),待核验,"多品牌拼接,需拆分核实",规则推断·未核验
1658,"亚都（YADU）,PHTY",待核验(多品牌组合),待核验,"多品牌拼接,需拆分核实",规则推断·未核验
1659,"SAGE,美诺（MIELE）",待核验(多品牌组合),待核验,"多品牌拼接,需拆分核实",规则推断·未核验
1660,"D二次方（DSquared2）,AMIRI",待核验(多品牌组合),待核验,"多品牌拼接,需拆分核实",规则推断·未核验
1661,"贝拉米（Bellamy's）,Hero Baby",待核验(多品牌组合),待核验,"多品牌拼接,需拆分核实",规则推断·未核验
1662,Gc,疑似假洋牌(无元音),高,"无元音字母,高风险生造名",规则推断·未核验
1663,"HABA,KENTUCKY OWL",待核验(多品牌组合),待核验,"多品牌拼接,需拆分核实",规则推断·未核验
1664,"iCANDOR,AIRBUGGY",待核验(多品牌组合),待核验,"多品牌拼接,需拆分核实",规则推断·未核验
1665,"Dariya,藤井源创",待核验(多品牌组合),待核验,"多品牌拼接,需拆分核实",规则推断·未核验
1666,"UZU,FANBEAUTY",待核验(多品牌组合),待核验,"多品牌拼接,需拆分核实",规则推断·未核验
1667,"GIMSIBLY,Flowerlure花间颂",待核验(多品牌组合),待核验,"多品牌拼接,需拆分核实",规则推断·未核验
1668,"公仔炒面王,Tropical Fields",待核验(多品牌组合),待核验,"多品牌拼接,需拆分核实",规则推断·未核验
1669,"GLYSOMED加素美,Nutella",待核验(多品牌组合),待核验,"多品牌拼接,需拆分核实",规则推断·未核验
1670,"格兰纳里奇（GlenAllachie）,拉图嘉利",待核验(多品牌组合),待核验,"多品牌拼接,需拆分核实",规则推断·未核验
1671,"BSAI,VIRTUE",待核验(多品牌组合),待核验,"多品牌拼接,需拆分核实",规则推断·未核验
1672,"JAPANHOME,EZ COOK",待核验(多品牌组合),待核验,"多品牌拼接,需拆分核实",规则推断·未核验
1673,"BABI,雅莎尔（yashaer）",待核验(多品牌组合),待核验,"多品牌拼接,需拆分核实",规则推断·未核验
1674,"金鸟（KINCHO）,Farmstay",待核验(多品牌组合),待核验,"多品牌拼接,需拆分核实",规则推断·未核验
1675,"red seal,SHEVEU",待核验(多品牌组合),待核验,"多品牌拼接,需拆分核实",规则推断·未核验
1676,花绮（HACCI）,待核验(中英混合),待核验,"中英混合,通常为真品牌,需逐个搜索",规则推断·未核验
1677,"波路梦（Bourbon）,POKKA SAPPORO",待核验(多品牌组合),待核验,"多品牌拼接,需拆分核实",规则推断·未核验
1678,"其他家,JOLI",待核验(多品牌组合),待核验,"多品牌拼接,需拆分核实",规则推断·未核验
1679,"康萃乐,mannings",待核验(多品牌组合),待核验,"多品牌拼接,需拆分核实",规则推断·未核验
1680,"何濟公（C. K. HO）,撒隆巴斯（SALONPAS）",待核验(多品牌组合),待核验,"多品牌拼接,需拆分核实",规则推断·未核验
1681,雅莉格丝（Elegance）,待核验(中英混合),待核验,"中英混合,通常为真品牌,需逐个搜索",规则推断·未核验
1682,FAITH IN NATURE,待核验(英文名),待核验,"英文名,需联网核验",规则推断·未核验
1683,PANPURI,待核验(英文名),待核验,"英文名,需联网核验",规则推断·未核验
1684,"宝贝,华熙夸迪",待核验(多品牌组合),待核验,"多品牌拼接,需拆分核实",规则推断·未核验
1685,"辛克宝贝（thinkbaby）,EFFERDENT",待核验(多品牌组合),待核验,"多品牌拼接,需拆分核实",规则推断·未核验
1686,"莱文医生（Dr.LeWinn""s）,SKIN REPUBLIC",待核验(多品牌组合),待核验,"多品牌拼接,需拆分核实",规则推断·未核验
1687,来发记,非假洋牌(国产),低,需进一步核实,规则推断·未核验
1688,"美源（bigen）,KOWA",待核验(多品牌组合),待核验,"多品牌拼接,需拆分核实",规则推断·未核验
1689,"SYUMON,ANTIO",待核验(多品牌组合),待核验,"多品牌拼接,需拆分核实",规则推断·未核验
1690,"LISCN,FIDQIOG",待核验(多品牌组合),待核验,"多品牌拼接,需拆分核实",规则推断·未核验
1691,YS,疑似假洋牌(无元音),高,"无元音字母,高风险生造名",规则推断·未核验
1692,"S&C SCRET,优斐斯（uface）",待核验(多品牌组合),待核验,"多品牌拼接,需拆分核实",规则推断·未核验
1693,卡慕（CAMUS）,待核验(中英混合),待核验,"中英混合,通常为真品牌,需逐个搜索",规则推断·未核验
1694,New English Teas,待核验(英文名),待核验,"英文名,需联网核验",规则推断·未核验
1695,春莺（Joriole）,待核验(中英混合),待核验,"中英混合,通常为真品牌,需逐个搜索",规则推断·未核验
1696,皇家澳纽（ROYAL AUSNZ）,待核验(中英混合),待核验,"中英混合,通常为真品牌,需逐个搜索",规则推断·未核验
1697,"喜宝（HiPP）,Desitin",待核验(多品牌组合),待核验,"多品牌拼接,需拆分核实",规则推断·未核验
1698,芭乐雅（Baleya）,待核验(中英混合),待核验,"中英混合,通常为真品牌,需逐个搜索",规则推断·未核验
1699,Le Ponnine,待核验(英文名),待核验,"英文名,需联网核验",规则推断·未核验
1700,HEGEN,待核验(英文名),待核验,"英文名,需联网核验",规则推断·未核验
1701,"Ianys,蜜诗肌（MISHIJI）",待核验(多品牌组合),待核验,"多品牌拼接,需拆分核实",规则推断·未核验
1702,"ANTIO,catrice",待核验(多品牌组合),待核验,"多品牌拼接,需拆分核实",规则推断·未核验
1703,"长白山人参 CBM GINSENG,赋皙",待核验(多品牌组合),待核验,"多品牌拼接,需拆分核实",规则推断·未核验
1704,"Jack N' Jill,维蕾德（WELEDA）",待核验(多品牌组合),待核验,"多品牌拼接,需拆分核实",规则推断·未核验
1705,"路易老爷（Louis Royer）,卡慕（CAMUS）",待核验(多品牌组合),待核验,"多品牌拼接,需拆分核实",规则推断·未核验
1706,"无,高丝（Kose）",待核验(多品牌组合),待核验,"多品牌拼接,需拆分核实",规则推断·未核验
1707,"FANOLA,SHEVEU",待核验(多品牌组合),待核验,"多品牌拼接,需拆分核实",规则推断·未核验
1708,"喜宝（HiPP）,boiron",待核验(多品牌组合),待核验,"多品牌拼接,需拆分核实",规则推断·未核验
1709,"FUMAKILLA,TO-PLAN",待核验(多品牌组合),待核验,"多品牌拼接,需拆分核实",规则推断·未核验
1710,"德国世家（Dr.Hauschka）,钰创合成（UV）",待核验(多品牌组合),待核验,"多品牌拼接,需拆分核实",规则推断·未核验
1711,"格兰纳里奇（GlenAllachie）,齐候门（Kilchoman）",待核验(多品牌组合),待核验,"多品牌拼接,需拆分核实",规则推断·未核验
1712,"圣艾芙（S.IV）,VASELINE",待核验(多品牌组合),待核验,"多品牌拼接,需拆分核实",规则推断·未核验
1713,"豪帅快活（JOSE CUERVO）,野格（Jagerneister）",待核验(多品牌组合),待核验,"多品牌拼接,需拆分核实",规则推断·未核验
1714,"福来,艾珂薇（ACWELL）",待核验(多品牌组合),待核验,"多品牌拼接,需拆分核实",规则推断·未核验
1715,"晶杰,圣艾芙（Stives）",待核验(多品牌组合),待核验,"多品牌拼接,需拆分核实",规则推断·未核验
1716,BUDDATE发芽时光,待核验(中英混合),待核验,"中英混合,通常为真品牌,需逐个搜索",规则推断·未核验
1717,"蓬莱泉,FANOLA",待核验(多品牌组合),待核验,"多品牌拼接,需拆分核实",规则推断·未核验
1718,Le Petit Olivier,待核验(英文名),待核验,"英文名,需联网核验",规则推断·未核验
1719,"SEE'S CANDIES,味霸",待核验(多品牌组合),待核验,"多品牌拼接,需拆分核实",规则推断·未核验
1720,"声阔（SoundCore）,Levoit",待核验(多品牌组合),待核验,"多品牌拼接,需拆分核实",规则推断·未核验
1721,"OMIEBOX,MODU'I",待核验(多品牌组合),待核验,"多品牌拼接,需拆分核实",规则推断·未核验
1722,"无,SABORINO",待核验(多品牌组合),待核验,"多品牌拼接,需拆分核实",规则推断·未核验
1723,"Brumate,WATERDROP",待核验(多品牌组合),待核验,"多品牌拼接,需拆分核实",规则推断·未核验
1724,"阿彼芙（ABIB）,果达儿（goodal）",待核验(多品牌组合),待核验,"多品牌拼接,需拆分核实",规则推断·未核验
1725,"雅莉格丝（Elegance）,SUQQU",待核验(多品牌组合),待核验,"多品牌拼接,需拆分核实",规则推断·未核验
1726,英拉利（YILARLIE）,待核验(中英混合),待核验,"中英混合,通常为真品牌,需逐个搜索",规则推断·未核验
1727,"一叶子 ONE LEAF,WIS",待核验(多品牌组合),待核验,"多品牌拼接,需拆分核实",规则推断·未核验
1728,"牛乳石硷,资生堂专业美发（SHISEIDO PROFESSIONAL）",待核验(多品牌组合),待核验,"多品牌拼接,需拆分核实",规则推断·未核验
1729,"艾珂薇（ACWELL）,卡蓓诺（CABELO）",待核验(多品牌组合),待核验,"多品牌拼接,需拆分核实",规则推断·未核验
1730,"VETPLUS,INCELLDERM",待核验(多品牌组合),待核验,"多品牌拼接,需拆分核实",规则推断·未核验
1731,"冰溪,发玛21",待核验(多品牌组合),待核验,"多品牌拼接,需拆分核实",规则推断·未核验
1732,"C,D",待核验(多品牌组合),待核验,"多品牌拼接,需拆分核实",规则推断·未核验
1733,"新生活,Alpha Hydrox",待核验(多品牌组合),待核验,"多品牌拼接,需拆分核实",规则推断·未核验
1734,"高丝（Kose）,hoyu",待核验(多品牌组合),待核验,"多品牌拼接,需拆分核实",规则推断·未核验
1735,"和光堂（Wakodo）,SUNSTAR",待核验(多品牌组合),待核验,"多品牌拼接,需拆分核实",规则推断·未核验
1736,"狮王（LION）,钰创合成（UV）",待核验(多品牌组合),待核验,"多品牌拼接,需拆分核实",规则推断·未核验
1737,比时咔,非假洋牌(国产),低,需进一步核实,规则推断·未核验
1738,"欧仕派（OLD SPICE）,美国箭牌（Mane 'n Tail）",待核验(多品牌组合),待核验,"多品牌拼接,需拆分核实",规则推断·未核验
1739,Biotta,待核验(英文名),待核验,"英文名,需联网核验",规则推断·未核验
1740,CPBIO,待核验(英文名),待核验,"英文名,需联网核验",规则推断·未核验
1741,ELEANOR,待核验(英文名),待核验,"英文名,需联网核验",规则推断·未核验
1742,"巴哈,SUZUKI",待核验(多品牌组合),待核验,"多品牌拼接,需拆分核实",规则推断·未核验
1743,清净海,非假洋牌(国产),低,需进一步核实,规则推断·未核验
1744,"COCCINELLE,Phytopharma",待核验(多品牌组合),待核验,"多品牌拼接,需拆分核实",规则推断·未核验
1745,Glysomed,待核验(英文名),待核验,"英文名,需联网核验",规则推断·未核验
1746,HEALTREE,待核验(英文名),待核验,"英文名,需联网核验",规则推断·未核验
1747,"瞳话,悠莱",待核验(多品牌组合),待核验,"多品牌拼接,需拆分核实",规则推断·未核验
1748,"路易老爷（Louis Royer）,KWV",待核验(多品牌组合),待核验,"多品牌拼接,需拆分核实",规则推断·未核验
1749,"富特尼（Old Pulterior）,法国廊酒",待核验(多品牌组合),待核验,"多品牌拼接,需拆分核实",规则推断·未核验
1750,"C咖,蜜浓（MINON）",待核验(多品牌组合),待核验,"多品牌拼接,需拆分核实",规则推断·未核验
1751,"藏（KURA）,珊珂",待核验(多品牌组合),待核验,"多品牌拼接,需拆分核实",规则推断·未核验
1752,"Kabrita,安怡 （Anlene）",待核验(多品牌组合),待核验,"多品牌拼接,需拆分核实",规则推断·未核验
1753,"馥华诗（COURVOISIER）,TOMATIN",待核验(多品牌组合),待核验,"多品牌拼接,需拆分核实",规则推断·未核验
1754,"贝娜婷（Penaten）,貝印",待核验(多品牌组合),待核验,"多品牌拼接,需拆分核实",规则推断·未核验
1755,"金鸟（KINCHO）,SUNSTAR",待核验(多品牌组合),待核验,"多品牌拼接,需拆分核实",规则推断·未核验
1756,"Blanco,Nunn Bush",待核验(多品牌组合),待核验,"多品牌拼接,需拆分核实",规则推断·未核验
1757,"堡林爵（Bollinger）,勒庞庄 LE PUY",待核验(多品牌组合),待核验,"多品牌拼接,需拆分核实",规则推断·未核验
1758,"Refine,野口（Noguchi）",待核验(多品牌组合),待核验,"多品牌拼接,需拆分核实",规则推断·未核验
1759,"马油（LOSHI）,QV",待核验(多品牌组合),待核验,"多品牌拼接,需拆分核实",规则推断·未核验
1760,"GLASSHOUSE FRAGRANCES,高丝（Kose）",待核验(多品牌组合),待核验,"多品牌拼接,需拆分核实",规则推断·未核验
1761,"无,厚健堂",待核验(多品牌组合),待核验,"多品牌拼接,需拆分核实",规则推断·未核验
1762,"KJUS,GABBA",待核验(多品牌组合),待核验,"多品牌拼接,需拆分核实",规则推断·未核验
1763,铂富（Breville）,待核验(中英混合),待核验,"中英混合,通常为真品牌,需逐个搜索",规则推断·未核验
1764,"K9 Natural,NULO",待核验(多品牌组合),待核验,"多品牌拼接,需拆分核实",规则推断·未核验
1765,Emami 7 Oils in One,待核验(英文名),待核验,"英文名,需联网核验",规则推断·未核验
1766,"MT METATRON,KS",待核验(多品牌组合),待核验,"多品牌拼接,需拆分核实",规则推断·未核验
1767,资生堂（SHISEIDO PROFESSIONAL）,待核验(中英混合),待核验,"中英混合,通常为真品牌,需逐个搜索",规则推断·未核验
1768,"无,旺太太",待核验(多品牌组合),待核验,"多品牌拼接,需拆分核实",规则推断·未核验
1769,"VANMATE,马油（LOSHI）",待核验(多品牌组合),待核验,"多品牌拼接,需拆分核实",规则推断·未核验
1770,"欧敏肤,颐莲（RELLET）",待核验(多品牌组合),待核验,"多品牌拼接,需拆分核实",规则推断·未核验
1771,"星嘉坡,星洲",待核验(多品牌组合),待核验,"多品牌拼接,需拆分核实",规则推断·未核验
1772,"资生堂专业美发（SHISEIDO PROFESSIONAL）,卡彼",待核验(多品牌组合),待核验,"多品牌拼接,需拆分核实",规则推断·未核验
1773,"deonatulle,吾诺（UNO）",待核验(多品牌组合),待核验,"多品牌拼接,需拆分核实",规则推断·未核验
1774,安热沙（ANESSA）,待核验(中英混合),待核验,"中英混合,通常为真品牌,需逐个搜索",规则推断·未核验
1775,"无,双莲",待核验(多品牌组合),待核验,"多品牌拼接,需拆分核实",规则推断·未核验
1776,"颐莲（RELLET）,ALIVAYA",待核验(多品牌组合),待核验,"多品牌拼接,需拆分核实",规则推断·未核验
1777,"无,RIMMEL",待核验(多品牌组合),待核验,"多品牌拼接,需拆分核实",规则推断·未核验
1778,"虎修堂,香港中西大药房有限公司 香港 药 香港中西大药房",待核验(多品牌组合),待核验,"多品牌拼接,需拆分核实",规则推断·未核验
1779,"KINU,Fissler",待核验(多品牌组合),待核验,"多品牌拼接,需拆分核实",规则推断·未核验
1780,"玛丽黛佳,植美村",待核验(多品牌组合),待核验,"多品牌拼接,需拆分核实",规则推断·未核验
1781,"宣致,新生命凝胶",待核验(多品牌组合),待核验,"多品牌拼接,需拆分核实",规则推断·未核验
1782,Yuorom,待核验(英文名),待核验,"英文名,需联网核验",规则推断·未核验
1783,"达格诺（Didier Dagueneau）,Battenfeld-Spanier",待核验(多品牌组合),待核验,"多品牌拼接,需拆分核实",规则推断·未核验
1784,"无,Almay",待核验(多品牌组合),待核验,"多品牌拼接,需拆分核实",规则推断·未核验
1785,MISORILIFE,待核验(英文名),待核验,"英文名,需联网核验",规则推断·未核验
1786,Alteya,待核验(英文名),待核验,"英文名,需联网核验",规则推断·未核验
1787,"Gnaw,闻绮（Venchi）",待核验(多品牌组合),待核验,"多品牌拼接,需拆分核实",规则推断·未核验
1788,Cinnamoroll,待核验(英文名),待核验,"英文名,需联网核验",规则推断·未核验
1789,贝灵哲（Beringer）,待核验(中英混合),待核验,"中英混合,通常为真品牌,需逐个搜索",规则推断·未核验
1790,OTHER/其他,待核验(多品牌组合),待核验,"多品牌拼接,需拆分核实",规则推断·未核验
1791,"Merrick,K9 Natural",待核验(多品牌组合),待核验,"多品牌拼接,需拆分核实",规则推断·未核验
1792,"和光堂（Wakodo）,Wisdom",待核验(多品牌组合),待核验,"多品牌拼接,需拆分核实",规则推断·未核验
1793,"蚝湾（OYSTER BAY）,豪帅快活（JOSE CUERVO）",待核验(多品牌组合),待核验,"多品牌拼接,需拆分核实",规则推断·未核验
1794,"凡士林,悦罗兰",待核验(多品牌组合),待核验,"多品牌拼接,需拆分核实",规则推断·未核验
1795,"Wpc.,Blender Bottle",待核验(多品牌组合),待核验,"多品牌拼接,需拆分核实",规则推断·未核验
1796,"日本叮叮,蛇牌（SNAKE BRAND）",待核验(多品牌组合),待核验,"多品牌拼接,需拆分核实",规则推断·未核验
1797,"伦士度,日本叮叮",待核验(多品牌组合),待核验,"多品牌拼接,需拆分核实",规则推断·未核验
1798,"LABORTIS 1972,CENTRAL LECHERA ASTURIANA",待核验(多品牌组合),待核验,"多品牌拼接,需拆分核实",规则推断·未核验
1799,"Himalaya,雪尚肌",待核验(多品牌组合),待核验,"多品牌拼接,需拆分核实",规则推断·未核验
1800,"和光堂（Wakodo）,辛克宝贝（thinkbaby）",待核验(多品牌组合),待核验,"多品牌拼接,需拆分核实",规则推断·未核验
1801,"十四代,白州",待核验(多品牌组合),待核验,"多品牌拼接,需拆分核实",规则推断·未核验
1802,"奥纯冠（Nature One Dairy）,Maxigenes",待核验(多品牌组合),待核验,"多品牌拼接,需拆分核实",规则推断·未核验
1803,"SABORINO,ANTIO",待核验(多品牌组合),待核验,"多品牌拼接,需拆分核实",规则推断·未核验
1804,"Iapetus,direia",待核验(多品牌组合),待核验,"多品牌拼接,需拆分核实",规则推断·未核验
1805,"珀莱雅双抗,高丝（Kose）",待核验(多品牌组合),待核验,"多品牌拼接,需拆分核实",规则推断·未核验
1806,"厚念,Ecotools",待核验(多品牌组合),待核验,"多品牌拼接,需拆分核实",规则推断·未核验
1807,"原果U站,先跃",待核验(多品牌组合),待核验,"多品牌拼接,需拆分核实",规则推断·未核验
1808,"ISDG,NATURELAN",待核验(多品牌组合),待核验,"多品牌拼接,需拆分核实",规则推断·未核验
1809,"Simply Organic,NEXXUS",待核验(多品牌组合),待核验,"多品牌拼接,需拆分核实",规则推断·未核验
1810,"Barsetto,摩飞电器（Morphyrichards）",待核验(多品牌组合),待核验,"多品牌拼接,需拆分核实",规则推断·未核验
1811,"Bugle Boy,Montana West",待核验(多品牌组合),待核验,"多品牌拼接,需拆分核实",规则推断·未核验
1812,"TEMPLE SPA,Dermaroller",待核验(多品牌组合),待核验,"多品牌拼接,需拆分核实",规则推断·未核验
1813,"AG,UZU",待核验(多品牌组合),待核验,"多品牌拼接,需拆分核实",规则推断·未核验
1814,"日立（HITACHI）,西哲（sezze）",待核验(多品牌组合),待核验,"多品牌拼接,需拆分核实",规则推断·未核验
1815,"LORETTA,欧仕派（OLD SPICE）",待核验(多品牌组合),待核验,"多品牌拼接,需拆分核实",规则推断·未核验
1816,"CHOYA,三得利Suntory",待核验(多品牌组合),待核验,"多品牌拼接,需拆分核实",规则推断·未核验
1817,"晶杰,Bioblas",待核验(多品牌组合),待核验,"多品牌拼接,需拆分核实",规则推断·未核验
1818,"ning,伊贝诗纯净面膜（RIBECS）",待核验(多品牌组合),待核验,"多品牌拼接,需拆分核实",规则推断·未核验
1819,Brighton,待核验(英文名),待核验,"英文名,需联网核验",规则推断·未核验
1820,"Tfit,choosy",待核验(多品牌组合),待核验,"多品牌拼接,需拆分核实",规则推断·未核验
1821,"Aqualan,Hero Baby",待核验(多品牌组合),待核验,"多品牌拼接,需拆分核实",规则推断·未核验
1822,"花三岛,YOSHIKAWA",待核验(多品牌组合),待核验,"多品牌拼接,需拆分核实",规则推断·未核验
1823,安速（ARS）,待核验(中英混合),待核验,"中英混合,通常为真品牌,需逐个搜索",规则推断·未核验
1824,"UMAJI,INCELLDERM",待核验(多品牌组合),待核验,"多品牌拼接,需拆分核实",规则推断·未核验
1825,UZUPRO,待核验(英文名),待核验,"英文名,需联网核验",规则推断·未核验
1826,RE VIVE,待核验(英文名),待核验,"英文名,需联网核验",规则推断·未核验
1827,YOUTHSECRET,待核验(英文名),待核验,"英文名,需联网核验",规则推断·未核验
1828,格兰莫雷（Glen Moray）,待核验(中英混合),待核验,"中英混合,通常为真品牌,需逐个搜索",规则推断·未核验
1829,INSTANT SMILE,待核验(英文名),待核验,"英文名,需联网核验",规则推断·未核验
1830,"EFFERDENT,plackers",待核验(多品牌组合),待核验,"多品牌拼接,需拆分核实",规则推断·未核验
1831,"维氏（VICTORINOX）,酷彩（Le Creuset）",待核验(多品牌组合),待核验,"多品牌拼接,需拆分核实",规则推断·未核验
1832,"凌博士,百雀羚草本",待核验(多品牌组合),待核验,"多品牌拼接,需拆分核实",规则推断·未核验
1833,TAMRAC,待核验(英文名),待核验,"英文名,需联网核验",规则推断·未核验
1834,"MANIC PANIC,怀尔德",待核验(多品牌组合),待核验,"多品牌拼接,需拆分核实",规则推断·未核验
1835,"迪朗贝斯（DELON）,貝印",待核验(多品牌组合),待核验,"多品牌拼接,需拆分核实",规则推断·未核验
1836,"浮美,向妍",待核验(多品牌组合),待核验,"多品牌拼接,需拆分核实",规则推断·未核验
1837,贵艾朗,非假洋牌(国产),低,需进一步核实,规则推断·未核验
1838,"RNW,蜜丝婷（misiting）",待核验(多品牌组合),待核验,"多品牌拼接,需拆分核实",规则推断·未核验
1839,"高丝（Kose）,潇洒（SELSUN）",待核验(多品牌组合),待核验,"多品牌拼接,需拆分核实",规则推断·未核验
1840,"倍得适（Playtex）,帮庭（bounty）",待核验(多品牌组合),待核验,"多品牌拼接,需拆分核实",规则推断·未核验
1841,"CREED,明治(meiji)",待核验(多品牌组合),待核验,"多品牌拼接,需拆分核实",规则推断·未核验
1842,"JOLI,UZU",待核验(多品牌组合),待核验,"多品牌拼接,需拆分核实",规则推断·未核验
1843,T,疑似假洋牌(无元音),高,"无元音字母,高风险生造名",规则推断·未核验
1844,"九州,FREQUENT",待核验(多品牌组合),待核验,"多品牌拼接,需拆分核实",规则推断·未核验
1845,"柔丽（SOFTLAN）,东方宝石（Tesori D’oriente）",待核验(多品牌组合),待核验,"多品牌拼接,需拆分核实",规则推断·未核验
1846,"WOPUKA,HISMILE",待核验(多品牌组合),待核验,"多品牌拼接,需拆分核实",规则推断·未核验
1847,"小蓝瓶（TAKAMI）,PUNOMO",待核验(多品牌组合),待核验,"多品牌拼接,需拆分核实",规则推断·未核验
1848,Blender Bottle,待核验(英文名),待核验,"英文名,需联网核验",规则推断·未核验
1849,维氏（VICTORINOX）,待核验(中英混合),待核验,"中英混合,通常为真品牌,需逐个搜索",规则推断·未核验
1850,"Nittaku,YASAKA",待核验(多品牌组合),待核验,"多品牌拼接,需拆分核实",规则推断·未核验
1851,"拉薇（Lavera）,plackers",待核验(多品牌组合),待核验,"多品牌拼接,需拆分核实",规则推断·未核验
1852,"艾天然（Attenir）,Dariya",待核验(多品牌组合),待核验,"多品牌拼接,需拆分核实",规则推断·未核验
1853,"Rogaine,Dermaroller",待核验(多品牌组合),待核验,"多品牌拼接,需拆分核实",规则推断·未核验
1854,"玫瑰庄园（Chateau Montrose）,SYRAZTIME",待核验(多品牌组合),待核验,"多品牌拼接,需拆分核实",规则推断·未核验
1855,"无,无匠",待核验(多品牌组合),待核验,"多品牌拼接,需拆分核实",规则推断·未核验
1856,和光堂（Wakodo）,待核验(中英混合),待核验,"中英混合,通常为真品牌,需逐个搜索",规则推断·未核验
1857,"Sunshine,Dermaroller",待核验(多品牌组合),待核验,"多品牌拼接,需拆分核实",规则推断·未核验
1858,"无,MOME",待核验(多品牌组合),待核验,"多品牌拼接,需拆分核实",规则推断·未核验
1859,"珊珂,Nuilaa",待核验(多品牌组合),待核验,"多品牌拼接,需拆分核实",规则推断·未核验
1860,"贝拉米（Bellamy's）,GROW GORGEOUS",待核验(多品牌组合),待核验,"多品牌拼接,需拆分核实",规则推断·未核验
1861,"Le Ponnine,春莺（Joriole）",待核验(多品牌组合),待核验,"多品牌拼接,需拆分核实",规则推断·未核验
1862,"金鸟（KINCHO）,和光堂（Wakodo）",待核验(多品牌组合),待核验,"多品牌拼接,需拆分核实",规则推断·未核验
1863,奔富,非假洋牌(国产),低,需进一步核实,规则推断·未核验
1864,Hommkesa,待核验(英文名),待核验,"英文名,需联网核验",规则推断·未核验
1865,"珂莱欧（CLIO）,THREE",待核验(多品牌组合),待核验,"多品牌拼接,需拆分核实",规则推断·未核验
1866,FROMNATURE ARLESHEIM,待核验(英文名),待核验,"英文名,需联网核验",规则推断·未核验
1867,金剛,非假洋牌(国产),低,需进一步核实,规则推断·未核验
1868,lhamour,待核验(英文名),待核验,"英文名,需联网核验",规则推断·未核验
1869,"WOWJI,yohji yamamoto",待核验(多品牌组合),待核验,"多品牌拼接,需拆分核实",规则推断·未核验
1870,"拜尔斯道夫（Hansaplast）,ARTIS",待核验(多品牌组合),待核验,"多品牌拼接,需拆分核实",规则推断·未核验
1871,"无,悦舒荟",待核验(多品牌组合),待核验,"多品牌拼接,需拆分核实",规则推断·未核验
1872,"黛尔珀（d'Alba）,雅莉格丝（Elegance）",待核验(多品牌组合),待核验,"多品牌拼接,需拆分核实",规则推断·未核验
1873,"厚健堂,essence",待核验(多品牌组合),待核验,"多品牌拼接,需拆分核实",规则推断·未核验
1874,"Degaba,书威",待核验(多品牌组合),待核验,"多品牌拼接,需拆分核实",规则推断·未核验
1875,美赞臣蓝臻,非假洋牌(国产),低,需进一步核实,规则推断·未核验
1876,"THREE,EBIS",待核验(多品牌组合),待核验,"多品牌拼接,需拆分核实",规则推断·未核验
1877,"Durrell,CANMAKE",待核验(多品牌组合),待核验,"多品牌拼接,需拆分核实",规则推断·未核验
1878,"厚健堂,Amino mason",待核验(多品牌组合),待核验,"多品牌拼接,需拆分核实",规则推断·未核验
1879,"PAUL&JOE,PRICELINE",待核验(多品牌组合),待核验,"多品牌拼接,需拆分核实",规则推断·未核验
1880,"ETUDE HOUSE,SOJO",待核验(多品牌组合),待核验,"多品牌拼接,需拆分核实",规则推断·未核验
1881,欧德萨（ORADEA）,待核验(中英混合),待核验,"中英混合,通常为真品牌,需逐个搜索",规则推断·未核验
1882,ESSSE CAFFE,待核验(英文名),待核验,"英文名,需联网核验",规则推断·未核验
1883,"Source Naturals,LONGTAKE",待核验(多品牌组合),待核验,"多品牌拼接,需拆分核实",规则推断·未核验
1884,"ANTIO,颐莲（RELLET）",待核验(多品牌组合),待核验,"多品牌拼接,需拆分核实",规则推断·未核验
1885,"德国世家（Dr.Hauschka）,Malin+Goetz",待核验(多品牌组合),待核验,"多品牌拼接,需拆分核实",规则推断·未核验
1886,"FANOLA,ZHENMI",待核验(多品牌组合),待核验,"多品牌拼接,需拆分核实",规则推断·未核验
1887,"厚健堂,悦舒荟",待核验(多品牌组合),待核验,"多品牌拼接,需拆分核实",规则推断·未核验
1888,"资生堂（SHISEIDO PROFESSIONAL）,颐莲（RELLET）",待核验(多品牌组合),待核验,"多品牌拼接,需拆分核实",规则推断·未核验
1889,"Dariya,维蕾德（WELEDA）",待核验(多品牌组合),待核验,"多品牌拼接,需拆分核实",规则推断·未核验
1890,"Gerllo,FILSWA",待核验(多品牌组合),待核验,"多品牌拼接,需拆分核实",规则推断·未核验
1891,TASTE OF THE WILD,待核验(英文名),待核验,"英文名,需联网核验",规则推断·未核验
1892,CIAO,待核验(英文名),待核验,"英文名,需联网核验",规则推断·未核验
1893,"卡洛塔妮（karihome）,子母（DUTCH LADY）",待核验(多品牌组合),待核验,"多品牌拼接,需拆分核实",规则推断·未核验
1894,PharmaHermetic,待核验(英文名),待核验,"英文名,需联网核验",规则推断·未核验
1895,M&J 博譽發展集團有限公司,待核验(中英混合),待核验,"中英混合,通常为真品牌,需逐个搜索",规则推断·未核验
1896,日本盛,非假洋牌(国产),低,需进一步核实,规则推断·未核验
1897,NATUREBELL,待核验(英文名),待核验,"英文名,需联网核验",规则推断·未核验
1898,"丝碧柔,三妆",待核验(多品牌组合),待核验,"多品牌拼接,需拆分核实",规则推断·未核验
1899,"所望（SOMANG）,VT",待核验(多品牌组合),待核验,"多品牌拼接,需拆分核实",规则推断·未核验
1900,"娅刻努(YAKENU),HARIO",待核验(多品牌组合),待核验,"多品牌拼接,需拆分核实",规则推断·未核验
1901,"贵艾朗,爱敬（AEKYUNG）",待核验(多品牌组合),待核验,"多品牌拼接,需拆分核实",规则推断·未核验
1902,"ANTIO,益教授",待核验(多品牌组合),待核验,"多品牌拼接,需拆分核实",规则推断·未核验
1903,"巴哈,柳泽",待核验(多品牌组合),待核验,"多品牌拼接,需拆分核实",规则推断·未核验
1904,"ILSO,雅芳（AVON）",待核验(多品牌组合),待核验,"多品牌拼接,需拆分核实",规则推断·未核验
1905,"Cancer Council,Losoki",待核验(多品牌组合),待核验,"多品牌拼接,需拆分核实",规则推断·未核验
1906,"Kimiwa,Domol",待核验(多品牌组合),待核验,"多品牌拼接,需拆分核实",规则推断·未核验
1907,"伊贝诗,高姿（COGI）",待核验(多品牌组合),待核验,"多品牌拼接,需拆分核实",规则推断·未核验
1908,"NINJA,铂富（Breville）",待核验(多品牌组合),待核验,"多品牌拼接,需拆分核实",规则推断·未核验
1909,CHEMI-PHARM,待核验(英文名),待核验,"英文名,需联网核验",规则推断·未核验
1910,"SUSTYLE,Montana West",待核验(多品牌组合),待核验,"多品牌拼接,需拆分核实",规则推断·未核验
1911,"每日（Maeil）,嘉娜宝（KANEBO）",待核验(多品牌组合),待核验,"多品牌拼接,需拆分核实",规则推断·未核验
1912,DIRU,待核验(英文名),待核验,"英文名,需联网核验",规则推断·未核验
1913,"Malin+Goetz,shiro",待核验(多品牌组合),待核验,"多品牌拼接,需拆分核实",规则推断·未核验
1914,"味霸,山本汉方制药株式会社",待核验(多品牌组合),待核验,"多品牌拼接,需拆分核实",规则推断·未核验
1915,"玛尔斯（MARVIS）,艾梵达（AVEDA）",待核验(多品牌组合),待核验,"多品牌拼接,需拆分核实",规则推断·未核验
1916,YNO,待核验(英文名),待核验,"英文名,需联网核验",规则推断·未核验
1917,"Zo Skin Health,茱莉蔻",待核验(多品牌组合),待核验,"多品牌拼接,需拆分核实",规则推断·未核验
1918,"MITHAOL,Eternelle",待核验(多品牌组合),待核验,"多品牌拼接,需拆分核实",规则推断·未核验
1919,"所望（SOMANG）,Dariya",待核验(多品牌组合),待核验,"多品牌拼接,需拆分核实",规则推断·未核验
1920,鸿星尔克绝尘,非假洋牌(国产),低,需进一步核实,规则推断·未核验
1921,"春雨（Papa recipe）,CANMAKE",待核验(多品牌组合),待核验,"多品牌拼接,需拆分核实",规则推断·未核验
1922,Vacilon,待核验(英文名),待核验,"英文名,需联网核验",规则推断·未核验
1923,"貝印,PRICELINE",待核验(多品牌组合),待核验,"多品牌拼接,需拆分核实",规则推断·未核验
1924,"富士帝（FUJIOH）,夏普",待核验(多品牌组合),待核验,"多品牌拼接,需拆分核实",规则推断·未核验
1925,"厚健堂,MT",待核验(多品牌组合),待核验,"多品牌拼接,需拆分核实",规则推断·未核验
1926,"晶杰,贝臣（Bübchen）",待核验(多品牌组合),待核验,"多品牌拼接,需拆分核实",规则推断·未核验
1927,"臻护新苼,牛栏（Cow&Gate）",待核验(多品牌组合),待核验,"多品牌拼接,需拆分核实",规则推断·未核验
1928,"珂莱欧（CLIO）,珂莱欧（clio）",待核验(多品牌组合),待核验,"多品牌拼接,需拆分核实",规则推断·未核验
1929,"BIUI,PATANLP",待核验(多品牌组合),待核验,"多品牌拼接,需拆分核实",规则推断·未核验
1930,宜可诚（Ecostore）,待核验(中英混合),待核验,"中英混合,通常为真品牌,需逐个搜索",规则推断·未核验
1931,"Dariya,娥佩兰（OPERA）",待核验(多品牌组合),待核验,"多品牌拼接,需拆分核实",规则推断·未核验
1932,"资生堂专业美发（SHISEIDO PROFESSIONAL）,未来（VAPE）",待核验(多品牌组合),待核验,"多品牌拼接,需拆分核实",规则推断·未核验
1933,Rewi,待核验(英文名),待核验,"英文名,需联网核验",规则推断·未核验
1934,"妙力,九州",待核验(多品牌组合),待核验,"多品牌拼接,需拆分核实",规则推断·未核验
1935,"ACCA KAPPA,老瑤薑",待核验(多品牌组合),待核验,"多品牌拼接,需拆分核实",规则推断·未核验
1936,"复轻园,小浣熊",待核验(多品牌组合),待核验,"多品牌拼接,需拆分核实",规则推断·未核验
1937,"SAVANNA ORCHARDS,IDESIGN",待核验(多品牌组合),待核验,"多品牌拼接,需拆分核实",规则推断·未核验
1938,惠普,非假洋牌(国产),低,需进一步核实,规则推断·未核验
1939,"UZU,ANNABELLA",待核验(多品牌组合),待核验,"多品牌拼接,需拆分核实",规则推断·未核验
1940,"海普诺凯1897（Hyprocal1897）,子母（DUTCH LADY）",待核验(多品牌组合),待核验,"多品牌拼接,需拆分核实",规则推断·未核验
1941,"芙芙,颐莲（RELLET）",待核验(多品牌组合),待核验,"多品牌拼接,需拆分核实",规则推断·未核验
1942,"LORETTA,Cancer Council",待核验(多品牌组合),待核验,"多品牌拼接,需拆分核实",规则推断·未核验
1943,"Ianys,鄭明明（CMM）",待核验(多品牌组合),待核验,"多品牌拼接,需拆分核实",规则推断·未核验
1944,百思特（baisite）,待核验(中英混合),待核验,"中英混合,通常为真品牌,需逐个搜索",规则推断·未核验
1945,"高丝（Kose）,碧玉泽",待核验(多品牌组合),待核验,"多品牌拼接,需拆分核实",规则推断·未核验
1946,"LORETTA,BIBZIZ",待核验(多品牌组合),待核验,"多品牌拼接,需拆分核实",规则推断·未核验
1947,"Dariya,熊野油脂（HorseOil）",待核验(多品牌组合),待核验,"多品牌拼接,需拆分核实",规则推断·未核验
1948,"欧仕派（OLD SPICE）,PRICELINE",待核验(多品牌组合),待核验,"多品牌拼接,需拆分核实",规则推断·未核验
1949,"GIRLS CRUSH,INTO YOU",待核验(多品牌组合),待核验,"多品牌拼接,需拆分核实",规则推断·未核验
1950,"帕高（Paco Rabanne）,OUR LEGACY",待核验(多品牌组合),待核验,"多品牌拼接,需拆分核实",规则推断·未核验
1951,"馥华诗（COURVOISIER）,黑塔（Black Tower）",待核验(多品牌组合),待核验,"多品牌拼接,需拆分核实",规则推断·未核验
1952,"BLANCO,SUSTYLE",待核验(多品牌组合),待核验,"多品牌拼接,需拆分核实",规则推断·未核验
1953,"BSAI,娥佩兰（OPERA）",待核验(多品牌组合),待核验,"多品牌拼接,需拆分核实",规则推断·未核验
1954,"HYGIENE,NAMMAN MUAY",待核验(多品牌组合),待核验,"多品牌拼接,需拆分核实",规则推断·未核验
1955,"美源（bigen）,近江兄弟",待核验(多品牌组合),待核验,"多品牌拼接,需拆分核实",规则推断·未核验
1956,ALZIPMAT,待核验(英文名),待核验,"英文名,需联网核验",规则推断·未核验
1957,"D二次方（DSquared2）,罗伯特·卡沃利（ROBERTO CAVALLI）",待核验(多品牌组合),待核验,"多品牌拼接,需拆分核实",规则推断·未核验
1958,"Gik,catrice",待核验(多品牌组合),待核验,"多品牌拼接,需拆分核实",规则推断·未核验
1959,KaLOHaS+,待核验(英文名),待核验,"英文名,需联网核验",规则推断·未核验
1960,"德研丝（SYSTEM PROFESSIONAL）,小红脸",待核验(多品牌组合),待核验,"多品牌拼接,需拆分核实",规则推断·未核验
1961,"SHEVEU,美国箭牌（Mane 'n Tail）",待核验(多品牌组合),待核验,"多品牌拼接,需拆分核实",规则推断·未核验
1962,"Horizon Organic,福爵（FUJUE）",待核验(多品牌组合),待核验,"多品牌拼接,需拆分核实",规则推断·未核验
1963,"唯意一号,格兰轩（GRANSHAN）",待核验(多品牌组合),待核验,"多品牌拼接,需拆分核实",规则推断·未核验
1964,Canesten,待核验(英文名),待核验,"英文名,需联网核验",规则推断·未核验
1965,"Two cows,Krauterhof",待核验(多品牌组合),待核验,"多品牌拼接,需拆分核实",规则推断·未核验
1966,"宜可诚（Ecostore）,今治タオル（ imabari towel）",待核验(多品牌组合),待核验,"多品牌拼接,需拆分核实",规则推断·未核验
1967,SUQQU,待核验(英文名),待核验,"英文名,需联网核验",规则推断·未核验
1968,"SAGE,博朗菲（Borownfie）",待核验(多品牌组合),待核验,"多品牌拼接,需拆分核实",规则推断·未核验
1969,"路易老爷（Louis Royer）,十四代",待核验(多品牌组合),待核验,"多品牌拼接,需拆分核实",规则推断·未核验
1970,"ZHENMI,Cancer Council",待核验(多品牌组合),待核验,"多品牌拼接,需拆分核实",规则推断·未核验
1971,"Rosa Prima,京都念慈菴",待核验(多品牌组合),待核验,"多品牌拼接,需拆分核实",规则推断·未核验
1972,传皙诺（TRANSINO）,待核验(中英混合),待核验,"中英混合,通常为真品牌,需逐个搜索",规则推断·未核验
1973,"麦卡伦（MACALLAN）,卡慕（CAMUS）",待核验(多品牌组合),待核验,"多品牌拼接,需拆分核实",规则推断·未核验
1974,法帝旗（FADIQI）,待核验(中英混合),待核验,"中英混合,通常为真品牌,需逐个搜索",规则推断·未核验
1975,"康贝（Combi）,阿普丽佳（APRICA）",待核验(多品牌组合),待核验,"多品牌拼接,需拆分核实",规则推断·未核验
1976,"雅莉格丝（Elegance）,LANLVX",待核验(多品牌组合),待核验,"多品牌拼接,需拆分核实",规则推断·未核验
1977,"图里巴丁（Tullibardine）,格兰花格（Glenfarclas）",待核验(多品牌组合),待核验,"多品牌拼接,需拆分核实",规则推断·未核验
1978,"安妮克莱因（ANNE KLEIN）,潘多拉（pandora）",待核验(多品牌组合),待核验,"多品牌拼接,需拆分核实",规则推断·未核验
1979,"LORETTA,CANMAKE",待核验(多品牌组合),待核验,"多品牌拼接,需拆分核实",规则推断·未核验
1980,"Masata,ISANA",待核验(多品牌组合),待核验,"多品牌拼接,需拆分核实",规则推断·未核验
1981,"Apriori,MAQUILLAGE",待核验(多品牌组合),待核验,"多品牌拼接,需拆分核实",规则推断·未核验
1982,"HISTOIRES de PARFUMS,PRICELINE",待核验(多品牌组合),待核验,"多品牌拼接,需拆分核实",规则推断·未核验
1983,苏菲,非假洋牌(国产),低,需进一步核实,规则推断·未核验
1984,"妙力,丹麦蓝罐（Kjeldsens）",待核验(多品牌组合),待核验,"多品牌拼接,需拆分核实",规则推断·未核验
1985,"和光堂（Wakodo）,貝印",待核验(多品牌组合),待核验,"多品牌拼接,需拆分核实",规则推断·未核验
1986,"蜜黛诗（Methode Swiss）,莎莎（Sasa）",待核验(多品牌组合),待核验,"多品牌拼接,需拆分核实",规则推断·未核验
1987,"资生堂（SHISEIDO PROFESSIONAL）,THREE",待核验(多品牌组合),待核验,"多品牌拼接,需拆分核实",规则推断·未核验
1988,"贝拉米（Bellamy's）,可瑞康（karicare）",待核验(多品牌组合),待核验,"多品牌拼接,需拆分核实",规则推断·未核验
1989,资生堂专业美发（SHISEIDO PROFESSIONAL）,待核验(中英混合),待核验,"中英混合,通常为真品牌,需逐个搜索",规则推断·未核验
1990,BIOTONA,待核验(英文名),待核验,"英文名,需联网核验",规则推断·未核验
1991,响（Hibiki）,待核验(中英混合),待核验,"中英混合,通常为真品牌,需逐个搜索",规则推断·未核验
1992,"HARIO,SKATER",待核验(多品牌组合),待核验,"多品牌拼接,需拆分核实",规则推断·未核验
1993,"春雨（Papa recipe）,Losoki",待核验(多品牌组合),待核验,"多品牌拼接,需拆分核实",规则推断·未核验
1994,"克斯阿苏尔,响（Hibiki）",待核验(多品牌组合),待核验,"多品牌拼接,需拆分核实",规则推断·未核验
1995,"cantu,艾梵达（AVEDA）",待核验(多品牌组合),待核验,"多品牌拼接,需拆分核实",规则推断·未核验
1996,"颐莲（RELLET）,凌博士",待核验(多品牌组合),待核验,"多品牌拼接,需拆分核实",规则推断·未核验
1997,"卡洛塔妮（karihome）,喜宝（HiPP）",待核验(多品牌组合),待核验,"多品牌拼接,需拆分核实",规则推断·未核验
1998,"凉介,摩飞电器（Morphyrichards）",待核验(多品牌组合),待核验,"多品牌拼接,需拆分核实",规则推断·未核验
1999,"SAVANNA ORCHARDS,TheraBreath",待核验(多品牌组合),待核验,"多品牌拼接,需拆分核实",规则推断·未核验
2000,"HABA,赫妍（HERA）",待核验(多品牌组合),待核验,"多品牌拼接,需拆分核实",规则推断·未核验
2001,BYLYSE,真洋牌,低-中,"加拿大设计师品牌,母国真实",已联网核验
2002,艾优睿,非假洋牌(国产),低,需进一步核实,规则推断·未核验
2003,Aritzia,待核验(英文名),待核验,"英文名,需联网核验",规则推断·未核验
2004,"专典,颐莲（RELLET）",待核验(多品牌组合),待核验,"多品牌拼接,需拆分核实",规则推断·未核验
2005,"罗娜女神,兰芝（LANEIGE）",待核验(多品牌组合),待核验,"多品牌拼接,需拆分核实",规则推断·未核验
2006,浮美,非假洋牌(国产),低,需进一步核实,规则推断·未核验
2007,"维蕾德（WELEDA）,Caprilac",待核验(多品牌组合),待核验,"多品牌拼接,需拆分核实",规则推断·未核验
2008,"海特安可金卡露,沃斯坦",待核验(多品牌组合),待核验,"多品牌拼接,需拆分核实",规则推断·未核验
2009,"欧仕派（OLD SPICE）,SHEVEU",待核验(多品牌组合),待核验,"多品牌拼接,需拆分核实",规则推断·未核验
2010,"AG,传奇今生（LEGEND AGE）",待核验(多品牌组合),待核验,"多品牌拼接,需拆分核实",规则推断·未核验
2011,"天,罗娜女神",待核验(多品牌组合),待核验,"多品牌拼接,需拆分核实",规则推断·未核验
2012,"卡洛塔妮（karihome）,瑞一宝",待核验(多品牌组合),待核验,"多品牌拼接,需拆分核实",规则推断·未核验
2013,VICKI BROWN,待核验(英文名),待核验,"英文名,需联网核验",规则推断·未核验
2014,"MOONY,克奈圃（Kneipp）",待核验(多品牌组合),待核验,"多品牌拼接,需拆分核实",规则推断·未核验
2015,"安娜柏林（Annemarie Borlind）,高丝（Kose）",待核验(多品牌组合),待核验,"多品牌拼接,需拆分核实",规则推断·未核验
2016,"SUNSILK,欧倍青（Alpecin）",待核验(多品牌组合),待核验,"多品牌拼接,需拆分核实",规则推断·未核验
2017,"SUN ZAPPER,Creer Beaute",待核验(多品牌组合),待核验,"多品牌拼接,需拆分核实",规则推断·未核验
2018,高姿（COGI）,待核验(中英混合),待核验,"中英混合,通常为真品牌,需逐个搜索",规则推断·未核验
2019,"伊藤（Ito）,米勒·海莉诗（Miller Harris）",待核验(多品牌组合),待核验,"多品牌拼接,需拆分核实",规则推断·未核验
2020,"艾美（Emmi）,欧迪圣（OWNDAYS）",待核验(多品牌组合),待核验,"多品牌拼接,需拆分核实",规则推断·未核验
2021,"虎牌,东芝",待核验(多品牌组合),待核验,"多品牌拼接,需拆分核实",规则推断·未核验
2022,"子母（DUTCH LADY）,摩可纳（Moccona）",待核验(多品牌组合),待核验,"多品牌拼接,需拆分核实",规则推断·未核验
2023,"TESORI D'ORIENTE 东方宝石,伊思（It’s skin）",待核验(多品牌组合),待核验,"多品牌拼接,需拆分核实",规则推断·未核验
2024,"石崎成器,西哲（sezze）",待核验(多品牌组合),待核验,"多品牌拼接,需拆分核实",规则推断·未核验
2025,闻献 DOCUMENTS,待核验(中英混合),待核验,"中英混合,通常为真品牌,需逐个搜索",规则推断·未核验
2026,"AROUGE,蜜丝婷（misiting）",待核验(多品牌组合),待核验,"多品牌拼接,需拆分核实",规则推断·未核验
2027,日立（HITACHI）,待核验(中英混合),待核验,"中英混合,通常为真品牌,需逐个搜索",规则推断·未核验
2028,"PRICELINE,OGX",待核验(多品牌组合),待核验,"多品牌拼接,需拆分核实",规则推断·未核验
2029,"艾杜莎（Ettusais）,AMPLEUR",待核验(多品牌组合),待核验,"多品牌拼接,需拆分核实",规则推断·未核验
2030,"Ben Nye,嘉娜宝（KANEBO）",待核验(多品牌组合),待核验,"多品牌拼接,需拆分核实",规则推断·未核验
2031,"WOPUKA,THREE",待核验(多品牌组合),待核验,"多品牌拼接,需拆分核实",规则推断·未核验
2032,"NATIO,ETVOS",待核验(多品牌组合),待核验,"多品牌拼接,需拆分核实",规则推断·未核验
2033,"德国世家（Dr.Hauschka）,RMK",待核验(多品牌组合),待核验,"多品牌拼接,需拆分核实",规则推断·未核验
2034,"生鲜本能（instinct）,Quest",待核验(多品牌组合),待核验,"多品牌拼接,需拆分核实",规则推断·未核验
2035,"essence,蔻吉",待核验(多品牌组合),待核验,"多品牌拼接,需拆分核实",规则推断·未核验
2036,"沙龙贝尔,凯歌",待核验(多品牌组合),待核验,"多品牌拼接,需拆分核实",规则推断·未核验
2037,ANASTASIA BEVERLY HILLS,待核验(英文名),待核验,"英文名,需联网核验",规则推断·未核验
2038,"芭宝（BABOR）,芯丝翠（Neostrata）",待核验(多品牌组合),待核验,"多品牌拼接,需拆分核实",规则推断·未核验
2039,"DOMX,MOIA",待核验(多品牌组合),待核验,"多品牌拼接,需拆分核实",规则推断·未核验
2040,"yohji yamamoto,MIKIMOTO",待核验(多品牌组合),待核验,"多品牌拼接,需拆分核实",规则推断·未核验
2041,诺士博（NOVEXPERT）,待核验(中英混合),待核验,"中英混合,通常为真品牌,需逐个搜索",规则推断·未核验
2042,"SAMURAI JEANS,Paraboot",待核验(多品牌组合),待核验,"多品牌拼接,需拆分核实",规则推断·未核验
2043,森宝（Semper）,待核验(中英混合),待核验,"中英混合,通常为真品牌,需逐个搜索",规则推断·未核验
2044,"BOH,水果之乡",待核验(多品牌组合),待核验,"多品牌拼接,需拆分核实",规则推断·未核验
2045,"丹麦蓝罐（Kjeldsens）,SUNRAYSIA NATURAL. NUTRITIOUS. DELICIOUS.",待核验(多品牌组合),待核验,"多品牌拼接,需拆分核实",规则推断·未核验
2046,"DOFANKIN,AROMAT HERBS",待核验(多品牌组合),待核验,"多品牌拼接,需拆分核实",规则推断·未核验
2047,"宫本川,爱伽丝",待核验(多品牌组合),待核验,"多品牌拼接,需拆分核实",规则推断·未核验
2048,"RSY,轻奢",待核验(多品牌组合),待核验,"多品牌拼接,需拆分核实",规则推断·未核验
2049,"康如（KLORANE）,欧缇丽（Caudalie）",待核验(多品牌组合),待核验,"多品牌拼接,需拆分核实",规则推断·未核验
2050,"雅莉格丝（Elegance）,丽珠兰（REJURAN）",待核验(多品牌组合),待核验,"多品牌拼接,需拆分核实",规则推断·未核验
2051,"悦舒荟,0001",待核验(多品牌组合),待核验,"多品牌拼接,需拆分核实",规则推断·未核验
2052,"艾珂薇（ACWELL）,SPICARE",待核验(多品牌组合),待核验,"多品牌拼接,需拆分核实",规则推断·未核验
2053,"too faced,缔芙曼（DIFUMAN）",待核验(多品牌组合),待核验,"多品牌拼接,需拆分核实",规则推断·未核验
2054,Medallion,待核验(英文名),待核验,"英文名,需联网核验",规则推断·未核验
2055,摩飞电器（Morphyrichards）,待核验(中英混合),待核验,"中英混合,通常为真品牌,需逐个搜索",规则推断·未核验
2056,"Deonatulle,吾诺（UNO）",待核验(多品牌组合),待核验,"多品牌拼接,需拆分核实",规则推断·未核验
2057,"和光堂（Wakodo）,香蒲丽",待核验(多品牌组合),待核验,"多品牌拼接,需拆分核实",规则推断·未核验
2058,"珀莱雅双抗,安晒美",待核验(多品牌组合),待核验,"多品牌拼接,需拆分核实",规则推断·未核验
2059,"PLUS EAU,艾杜莎（Ettusais）",待核验(多品牌组合),待核验,"多品牌拼接,需拆分核实",规则推断·未核验
2060,"康蜜儿（Kamill）,克奈圃（Kneipp）",待核验(多品牌组合),待核验,"多品牌拼接,需拆分核实",规则推断·未核验
2061,汀思图（DEANSTON）,待核验(中英混合),待核验,"中英混合,通常为真品牌,需逐个搜索",规则推断·未核验
2062,FAZAU,待核验(英文名),待核验,"英文名,需联网核验",规则推断·未核验
2063,Otamatone,待核验(英文名),待核验,"英文名,需联网核验",规则推断·未核验
2064,"和光堂（Wakodo）,森田藥粧（DR.JOU）",待核验(多品牌组合),待核验,"多品牌拼接,需拆分核实",规则推断·未核验
2065,"小蓝瓶（TAKAMI）,PLIFT",待核验(多品牌组合),待核验,"多品牌拼接,需拆分核实",规则推断·未核验
2066,"小蓝瓶（TAKAMI）,Dermaroller",待核验(多品牌组合),待核验,"多品牌拼接,需拆分核实",规则推断·未核验
2067,"AG,润妮秀",待核验(多品牌组合),待核验,"多品牌拼接,需拆分核实",规则推断·未核验
2068,"ETVOS,Algenist",待核验(多品牌组合),待核验,"多品牌拼接,需拆分核实",规则推断·未核验
2069,"SKATER,needsuvcut",待核验(多品牌组合),待核验,"多品牌拼接,需拆分核实",规则推断·未核验
2070,"澳柯玛（AUCMA）,美诺（MIELE）",待核验(多品牌组合),待核验,"多品牌拼接,需拆分核实",规则推断·未核验
2071,雅琪朵（argital）,待核验(中英混合),待核验,"中英混合,通常为真品牌,需逐个搜索",规则推断·未核验
2072,"muselove,谷格",待核验(多品牌组合),待核验,"多品牌拼接,需拆分核实",规则推断·未核验
2073,维丽海斯,非假洋牌(国产),低,需进一步核实,规则推断·未核验
2074,"维蕾德（WELEDA）,欧仕派（OLD SPICE）",待核验(多品牌组合),待核验,"多品牌拼接,需拆分核实",规则推断·未核验
2075,巴哈,非假洋牌(国产),低,需进一步核实,规则推断·未核验
2076,"澳芝曼（G＆M）,珂莱欧（CLIO）",待核验(多品牌组合),待核验,"多品牌拼接,需拆分核实",规则推断·未核验
2077,"UZU,苏菲娜（Sofina）",待核验(多品牌组合),待核验,"多品牌拼接,需拆分核实",规则推断·未核验
2078,"YS,D",待核验(多品牌组合),待核验,"多品牌拼接,需拆分核实",规则推断·未核验
2079,"网件（NETGEAR）,IQAir",待核验(多品牌组合),待核验,"多品牌拼接,需拆分核实",规则推断·未核验
2080,"皮尔卡丹（PIERRE CARDIN）,BY S.T.DUPONT;D",待核验(多品牌组合),待核验,"多品牌拼接,需拆分核实",规则推断·未核验
2081,"克宁（KLIM）,Simply Organic",待核验(多品牌组合),待核验,"多品牌拼接,需拆分核实",规则推断·未核验
2082,"RMK,SUQQU",待核验(多品牌组合),待核验,"多品牌拼接,需拆分核实",规则推断·未核验
2083,"酷彩（Le Creuset）,亨克斯（HENCKELS）",待核验(多品牌组合),待核验,"多品牌拼接,需拆分核实",规则推断·未核验
2084,摩洛哥油（Moroccanoil）,待核验(中英混合),待核验,"中英混合,通常为真品牌,需逐个搜索",规则推断·未核验
2085,儷心國際貿易有限公司標章,非假洋牌(国产),低,需进一步核实,规则推断·未核验
2086,谷雨（GOODWAY）,待核验(中英混合),待核验,"中英混合,通常为真品牌,需逐个搜索",规则推断·未核验
2087,"MOCLANB 默克兰博,GDANNY",待核验(多品牌组合),待核验,"多品牌拼接,需拆分核实",规则推断·未核验
2088,"皮尔卡丹（pierre cardin）,梦特娇（MONTAGUT）",待核验(多品牌组合),待核验,"多品牌拼接,需拆分核实",规则推断·未核验
2089,老虎牌,非假洋牌(国产),低,需进一步核实,规则推断·未核验
2090,"怡万家（iwaki）,NINJA",待核验(多品牌组合),待核验,"多品牌拼接,需拆分核实",规则推断·未核验
2091,D,疑似假洋牌(无元音),高,"无元音字母,高风险生造名",规则推断·未核验
2092,"HARPIC,SUNLIGHT",待核验(多品牌组合),待核验,"多品牌拼接,需拆分核实",规则推断·未核验
2093,迷珂宝（MILK BAOBAB）,待核验(中英混合),待核验,"中英混合,通常为真品牌,需逐个搜索",规则推断·未核验
2094,"GENEX FORMULAS,FitLine",待核验(多品牌组合),待核验,"多品牌拼接,需拆分核实",规则推断·未核验
2095,"FOUR NINES,LINDBERG",待核验(多品牌组合),待核验,"多品牌拼接,需拆分核实",规则推断·未核验
2096,"CAPITA,FLUX",待核验(多品牌组合),待核验,"多品牌拼接,需拆分核实",规则推断·未核验
2097,"雅莉格丝（Elegance）,ACQUA COLONIA NO.4711.",待核验(多品牌组合),待核验,"多品牌拼接,需拆分核实",规则推断·未核验
2098,英伟达 NVIDIA,待核验(中英混合),待核验,"中英混合,通常为真品牌,需逐个搜索",规则推断·未核验
2099,VAPE,待核验(英文名),待核验,"英文名,需联网核验",规则推断·未核验
2100,"Elta MD,NAPOLEON PERDIS",待核验(多品牌组合),待核验,"多品牌拼接,需拆分核实",规则推断·未核验
2101,"ETVOS,RMK",待核验(多品牌组合),待核验,"多品牌拼接,需拆分核实",规则推断·未核验
2102,"科士威,金门高粱",待核验(多品牌组合),待核验,"多品牌拼接,需拆分核实",规则推断·未核验
2103,兰芝（LANEIGE）,待核验(中英混合),待核验,"中英混合,通常为真品牌,需逐个搜索",规则推断·未核验
2104,"九州,伊藤园（ITOEN）",待核验(多品牌组合),待核验,"多品牌拼接,需拆分核实",规则推断·未核验
2105,"PAUL&JOE,酷韵（Cure Natural Aqua Jel　）",待核验(多品牌组合),待核验,"多品牌拼接,需拆分核实",规则推断·未核验
2106,"美源（bigen）,福而可（FUEKI）",待核验(多品牌组合),待核验,"多品牌拼接,需拆分核实",规则推断·未核验
2107,"近江兄弟社（OMI BROTHERHOOD）,春雨（PAPARECIPE）",待核验(多品牌组合),待核验,"多品牌拼接,需拆分核实",规则推断·未核验
2108,"JOHN VARVATOS,BUXOM",待核验(多品牌组合),待核验,"多品牌拼接,需拆分核实",规则推断·未核验
2109,SANKAIDOU,待核验(英文名),待核验,"英文名,需联网核验",规则推断·未核验
2110,皇后的秘密,非假洋牌(国产),低,需进一步核实,规则推断·未核验
2111,"LEFILLEO,颐莲（RELLET）",待核验(多品牌组合),待核验,"多品牌拼接,需拆分核实",规则推断·未核验
2112,"施丹兰（STENDERS）,OPI",待核验(多品牌组合),待核验,"多品牌拼接,需拆分核实",规则推断·未核验
2113,"COCOSILIYA,小城伊香（Xiaochengyixiang）",待核验(多品牌组合),待核验,"多品牌拼接,需拆分核实",规则推断·未核验
2114,"果本（gooben）,高姿（COGI）",待核验(多品牌组合),待核验,"多品牌拼接,需拆分核实",规则推断·未核验
2115,"维氏（VICTORINOX）,MEPAL",待核验(多品牌组合),待核验,"多品牌拼接,需拆分核实",规则推断·未核验
2116,"颐莲（RELLET）,湘南",待核验(多品牌组合),待核验,"多品牌拼接,需拆分核实",规则推断·未核验
2117,"罗娜女神,ORGINESE",待核验(多品牌组合),待核验,"多品牌拼接,需拆分核实",规则推断·未核验
2118,"高丝（Kose）,MAQUILLAGE",待核验(多品牌组合),待核验,"多品牌拼接,需拆分核实",规则推断·未核验
2119,"赛步,香港大药房",待核验(多品牌组合),待核验,"多品牌拼接,需拆分核实",规则推断·未核验
2120,"SNIDEL BEAUTY,SUQQU",待核验(多品牌组合),待核验,"多品牌拼接,需拆分核实",规则推断·未核验
2121,"APOTHEKE FRAGRANCE,Parfums de Marly",待核验(多品牌组合),待核验,"多品牌拼接,需拆分核实",规则推断·未核验
2122,"琉球酒豪伝説,培克能",待核验(多品牌组合),待核验,"多品牌拼接,需拆分核实",规则推断·未核验
2123,GEDICO,待核验(英文名),待核验,"英文名,需联网核验",规则推断·未核验
2124,以纯（YISHion）,待核验(中英混合),待核验,"中英混合,通常为真品牌,需逐个搜索",规则推断·未核验
2125,MINOIS PARIS,待核验(英文名),待核验,"英文名,需联网核验",规则推断·未核验
2126,Liefmans,待核验(英文名),待核验,"英文名,需联网核验",规则推断·未核验
2127,"LINDBERG,Dita",待核验(多品牌组合),待核验,"多品牌拼接,需拆分核实",规则推断·未核验
2128,"PLIFT,桃瑞丹",待核验(多品牌组合),待核验,"多品牌拼接,需拆分核实",规则推断·未核验
2129,"宜可诚（Ecostore）,碧户清（Briochin）",待核验(多品牌组合),待核验,"多品牌拼接,需拆分核实",规则推断·未核验
2130,乐高教育,非假洋牌(国产),低,需进一步核实,规则推断·未核验
2131,"艾优睿,安满（ANMUM）",待核验(多品牌组合),待核验,"多品牌拼接,需拆分核实",规则推断·未核验
2132,"可菱水,HORI",待核验(多品牌组合),待核验,"多品牌拼接,需拆分核实",规则推断·未核验
2133,"sesderma,Rosette",待核验(多品牌组合),待核验,"多品牌拼接,需拆分核实",规则推断·未核验
2134,"蜜浓（MINON）,雅莉格丝（Elegance）",待核验(多品牌组合),待核验,"多品牌拼接,需拆分核实",规则推断·未核验
2135,"爱慕莎（EMSA）,德国宝（German Pool）",待核验(多品牌组合),待核验,"多品牌拼接,需拆分核实",规则推断·未核验
2136,"PAUL&JOE,Apagard",待核验(多品牌组合),待核验,"多品牌拼接,需拆分核实",规则推断·未核验
2137,GROSJEAN,待核验(英文名),待核验,"英文名,需联网核验",规则推断·未核验
2138,"得妈贝,卡诗 KERASTASE",待核验(多品牌组合),待核验,"多品牌拼接,需拆分核实",规则推断·未核验
2139,"雅莉格丝（Elegance）,I-WAWA",待核验(多品牌组合),待核验,"多品牌拼接,需拆分核实",规则推断·未核验
2140,"RYOBI,孔雀（Peacock）",待核验(多品牌组合),待核验,"多品牌拼接,需拆分核实",规则推断·未核验
2141,"天安门,舍得",待核验(多品牌组合),待核验,"多品牌拼接,需拆分核实",规则推断·未核验
2142,HR,疑似假洋牌(无元音),高,"无元音字母,高风险生造名",规则推断·未核验
2143,禧贝（Happybaby）,待核验(中英混合),待核验,"中英混合,通常为真品牌,需逐个搜索",规则推断·未核验
2144,"Amino mason,棕榄（PALMOLIVE）",待核验(多品牌组合),待核验,"多品牌拼接,需拆分核实",规则推断·未核验
2145,"馥马尔,ANTONIO BANDERAS",待核验(多品牌组合),待核验,"多品牌拼接,需拆分核实",规则推断·未核验
2146,"HABA,SNIDEL BEAUTY",待核验(多品牌组合),待核验,"多品牌拼接,需拆分核实",规则推断·未核验
2147,"CHERRY,AOC",待核验(多品牌组合),待核验,"多品牌拼接,需拆分核实",规则推断·未核验
2148,HERBATINT,待核验(英文名),待核验,"英文名,需联网核验",规则推断·未核验
2149,"MENOKIN,HABA",待核验(多品牌组合),待核验,"多品牌拼接,需拆分核实",规则推断·未核验
2150,"ARMA,AREA",待核验(多品牌组合),待核验,"多品牌拼接,需拆分核实",规则推断·未核验
2151,"大白罐,fix&tox",待核验(多品牌组合),待核验,"多品牌拼接,需拆分核实",规则推断·未核验
2152,"TITO’S HANDMADE VODKA,IGANOFF",待核验(多品牌组合),待核验,"多品牌拼接,需拆分核实",规则推断·未核验
2153,CREED,待核验(英文名),待核验,"英文名,需联网核验",规则推断·未核验
2154,"ausiki,可瑞康（karicare）",待核验(多品牌组合),待核验,"多品牌拼接,需拆分核实",规则推断·未核验
2155,"野鸟（WILD BIRDS）,STANCE",待核验(多品牌组合),待核验,"多品牌拼接,需拆分核实",规则推断·未核验
2156,"EUTHYMOL,Admire My Skin",待核验(多品牌组合),待核验,"多品牌拼接,需拆分核实",规则推断·未核验
2157,都柏特（S.dubtnt）,待核验(中英混合),待核验,"中英混合,通常为真品牌,需逐个搜索",规则推断·未核验
2158,"挺拔（TIBHAR）,GEWO",待核验(多品牌组合),待核验,"多品牌拼接,需拆分核实",规则推断·未核验
2159,EARLY RIDER,待核验(英文名),待核验,"英文名,需联网核验",规则推断·未核验
2160,乐毅积木,非假洋牌(国产),低,需进一步核实,规则推断·未核验
2161,"mosh!,碧然德",待核验(多品牌组合),待核验,"多品牌拼接,需拆分核实",规则推断·未核验
2162,"宝贝与我（Arla）,boiron",待核验(多品牌组合),待核验,"多品牌拼接,需拆分核实",规则推断·未核验
2163,"珀莱雅双抗,娜涟",待核验(多品牌组合),待核验,"多品牌拼接,需拆分核实",规则推断·未核验
2164,"欧缇丽（Caudalie）,雅莉格丝（Elegance）",待核验(多品牌组合),待核验,"多品牌拼接,需拆分核实",规则推断·未核验
2165,爱顿博格（AnthonBerg）,待核验(中英混合),待核验,"中英混合,通常为真品牌,需逐个搜索",规则推断·未核验
2166,Torriden,待核验(英文名),待核验,"英文名,需联网核验",规则推断·未核验
2167,"UZU,RD",待核验(多品牌组合),待核验,"多品牌拼接,需拆分核实",规则推断·未核验
2168,"KISS YOU,馬油保湿成分（horse oil）",待核验(多品牌组合),待核验,"多品牌拼接,需拆分核实",规则推断·未核验
2169,JaneClare,待核验(英文名),待核验,"英文名,需联网核验",规则推断·未核验
2170,"HTC,SPICARE",待核验(多品牌组合),待核验,"多品牌拼接,需拆分核实",规则推断·未核验
2171,日本,非假洋牌(国产),低,需进一步核实,规则推断·未核验
2172,"krups,百乐满（Paloma）",待核验(多品牌组合),待核验,"多品牌拼接,需拆分核实",规则推断·未核验
2173,"Lil Critters,BRIONI",待核验(多品牌组合),待核验,"多品牌拼接,需拆分核实",规则推断·未核验
2174,"GIRLS CRUSH GC,GIRLS CRUSH",待核验(多品牌组合),待核验,"多品牌拼接,需拆分核实",规则推断·未核验
2175,活灵魂（ALMAVIVA）,待核验(中英混合),待核验,"中英混合,通常为真品牌,需逐个搜索",规则推断·未核验
2176,TOOFRUIT,待核验(英文名),待核验,"英文名,需联网核验",规则推断·未核验
2177,A 安生罗比,待核验(中英混合),待核验,"中英混合,通常为真品牌,需逐个搜索",规则推断·未核验
2178,"krups,BODUM",待核验(多品牌组合),待核验,"多品牌拼接,需拆分核实",规则推断·未核验
2179,"玛丽安保莱（MARIANNEBOLLE）,湘南",待核验(多品牌组合),待核验,"多品牌拼接,需拆分核实",规则推断·未核验
2180,MAD ET LEN,待核验(英文名),待核验,"英文名,需联网核验",规则推断·未核验
2181,CK,疑似假洋牌(无元音),高,"无元音字母,高风险生造名",规则推断·未核验
2182,"mks,KAI贝印",待核验(多品牌组合),待核验,"多品牌拼接,需拆分核实",规则推断·未核验
2183,"馥绿德雅（RENE FURTERER）,东方宝石（Tesori D’oriente）",待核验(多品牌组合),待核验,"多品牌拼接,需拆分核实",规则推断·未核验
2184,黛尔珀（d'Alba）,待核验(中英混合),待核验,"中英混合,通常为真品牌,需逐个搜索",规则推断·未核验
2185,"梵希,潘多拉（pandora）",待核验(多品牌组合),待核验,"多品牌拼接,需拆分核实",规则推断·未核验
2186,"plackers,近江兄弟社（OMI BROTHERHOOD）",待核验(多品牌组合),待核验,"多品牌拼接,需拆分核实",规则推断·未核验
2187,"PLIFT,娥佩兰（OPERA）",待核验(多品牌组合),待核验,"多品牌拼接,需拆分核实",规则推断·未核验
2188,"3lab,德国世家（Dr.Hauschka）",待核验(多品牌组合),待核验,"多品牌拼接,需拆分核实",规则推断·未核验
2189,CANMAKE,待核验(英文名),待核验,"英文名,需联网核验",规则推断·未核验
2190,CAMETTE,待核验(英文名),待核验,"英文名,需联网核验",规则推断·未核验
2191,Cancer Council,待核验(英文名),待核验,"英文名,需联网核验",规则推断·未核验
2192,丽丝雅（Restoria）,待核验(中英混合),待核验,"中英混合,通常为真品牌,需逐个搜索",规则推断·未核验
2193,"TAITO,FURYU",待核验(多品牌组合),待核验,"多品牌拼接,需拆分核实",规则推断·未核验
2194,"高丝（Kose）,穆乐（MUHLE M）",待核验(多品牌组合),待核验,"多品牌拼接,需拆分核实",规则推断·未核验
2195,ZM beauty,待核验(英文名),待核验,"英文名,需联网核验",规则推断·未核验
2196,"资生堂（SHISEIDO PROFESSIONAL）,路丝（RAUSCH）",待核验(多品牌组合),待核验,"多品牌拼接,需拆分核实",规则推断·未核验
2197,"乐喜力丝,奢貌",待核验(多品牌组合),待核验,"多品牌拼接,需拆分核实",规则推断·未核验
2198,新秀丽,非假洋牌(国产),低,需进一步核实,规则推断·未核验
2199,"舒雅（shuya）,乐基因（nalgene）",待核验(多品牌组合),待核验,"多品牌拼接,需拆分核实",规则推断·未核验
2200,美源（MEIYUAN）,待核验(中英混合),待核验,"中英混合,通常为真品牌,需逐个搜索",规则推断·未核验
2201,"金钟酒庄（Chateau Angelus）,滴金庄园",待核验(多品牌组合),待核验,"多品牌拼接,需拆分核实",规则推断·未核验
2202,"NUMBUZIN,麦迪安（Median）",待核验(多品牌组合),待核验,"多品牌拼接,需拆分核实",规则推断·未核验
2203,TAL,待核验(英文名),待核验,"英文名,需联网核验",规则推断·未核验
2204,SHIRO,待核验(英文名),待核验,"英文名,需联网核验",规则推断·未核验
2205,"蜜浓（MINON）,高姿（COGI）",待核验(多品牌组合),待核验,"多品牌拼接,需拆分核实",规则推断·未核验
2206,"玛尔斯（MARVIS）,高丝（Kose）",待核验(多品牌组合),待核验,"多品牌拼接,需拆分核实",规则推断·未核验
2207,"徕本（HELLOLEIBOO）,UWANT",待核验(多品牌组合),待核验,"多品牌拼接,需拆分核实",规则推断·未核验
2208,"皮尔卡丹（pierre cardin）,COOGI",待核验(多品牌组合),待核验,"多品牌拼接,需拆分核实",规则推断·未核验
2209,"菲洛嘉（Filorga）,玛丽安保莱（MARIANNEBOLLE）",待核验(多品牌组合),待核验,"多品牌拼接,需拆分核实",规则推断·未核验
2210,"SUSTYLE,ANYSMIC",待核验(多品牌组合),待核验,"多品牌拼接,需拆分核实",规则推断·未核验
2211,"KINGDOM,莎娜（SANA）",待核验(多品牌组合),待核验,"多品牌拼接,需拆分核实",规则推断·未核验
2212,"TO&FOR,美迪",待核验(多品牌组合),待核验,"多品牌拼接,需拆分核实",规则推断·未核验
2213,"SANEI,KVK",待核验(多品牌组合),待核验,"多品牌拼接,需拆分核实",规则推断·未核验
2214,"Filco,夏普",待核验(多品牌组合),待核验,"多品牌拼接,需拆分核实",规则推断·未核验
2215,"FANOLA,怀尔德",待核验(多品牌组合),待核验,"多品牌拼接,需拆分核实",规则推断·未核验
2216,"赛逸,吾诺（UNO）",待核验(多品牌组合),待核验,"多品牌拼接,需拆分核实",规则推断·未核验
2217,"DUO,苏菲娜（Sofina）",待核验(多品牌组合),待核验,"多品牌拼接,需拆分核实",规则推断·未核验
2218,"ecomed,凯伦诗（CLORIS）",待核验(多品牌组合),待核验,"多品牌拼接,需拆分核实",规则推断·未核验
2219,"库克,Marcassin Vineyard",待核验(多品牌组合),待核验,"多品牌拼接,需拆分核实",规则推断·未核验
2220,DOBO,待核验(英文名),待核验,"英文名,需联网核验",规则推断·未核验
2221,"HTC,CREED",待核验(多品牌组合),待核验,"多品牌拼接,需拆分核实",规则推断·未核验
2222,"高丝（Kose）,马油（LOSHI）",待核验(多品牌组合),待核验,"多品牌拼接,需拆分核实",规则推断·未核验
2223,"象印,SKATER",待核验(多品牌组合),待核验,"多品牌拼接,需拆分核实",规则推断·未核验
2224,SOFO,待核验(英文名),待核验,"英文名,需联网核验",规则推断·未核验
2225,SUNSILK,待核验(英文名),待核验,"英文名,需联网核验",规则推断·未核验
2226,"贵艾朗,嘉娜宝（KANEBO）",待核验(多品牌组合),待核验,"多品牌拼接,需拆分核实",规则推断·未核验
2227,"凌博士,泊美（PURE＆MILD）",待核验(多品牌组合),待核验,"多品牌拼接,需拆分核实",规则推断·未核验
2228,"高丝（Kose）,秀肤生（Cell Fusion C）",待核验(多品牌组合),待核验,"多品牌拼接,需拆分核实",规则推断·未核验
2229,"卡慕（CAMUS）,野格（Jagerneister）",待核验(多品牌组合),待核验,"多品牌拼接,需拆分核实",规则推断·未核验
2230,优鲜沛（Ocean Spray）,待核验(中英混合),待核验,"中英混合,通常为真品牌,需逐个搜索",规则推断·未核验
2231,"荷诺（histoire naturelle）,碧波曼（BOM）",待核验(多品牌组合),待核验,"多品牌拼接,需拆分核实",规则推断·未核验
2232,"TRANSPARENT,krups",待核验(多品牌组合),待核验,"多品牌拼接,需拆分核实",规则推断·未核验
2233,欧倍青（Alpecin）,待核验(中英混合),待核验,"中英混合,通常为真品牌,需逐个搜索",规则推断·未核验
2234,安努克（AnCnoc）,待核验(中英混合),待核验,"中英混合,通常为真品牌,需逐个搜索",规则推断·未核验
2235,HARIO,待核验(英文名),待核验,"英文名,需联网核验",规则推断·未核验
2236,"惠人（HuiRen）,摩飞电器（Morphyrichards）",待核验(多品牌组合),待核验,"多品牌拼接,需拆分核实",规则推断·未核验
2237,"水之璨（suisai）,ETVOS",待核验(多品牌组合),待核验,"多品牌拼接,需拆分核实",规则推断·未核验
2238,"特福（Tefal）,日立（HITACHI）",待核验(多品牌组合),待核验,"多品牌拼接,需拆分核实",规则推断·未核验
2239,"高丝（Kose）,sesderma",待核验(多品牌组合),待核验,"多品牌拼接,需拆分核实",规则推断·未核验
2240,"馥绿德雅（RENE FURTERER）,雅莉格丝（Elegance）",待核验(多品牌组合),待核验,"多品牌拼接,需拆分核实",规则推断·未核验
2241,"阿彼芙（ABIB）,欧蕙（OHUI）",待核验(多品牌组合),待核验,"多品牌拼接,需拆分核实",规则推断·未核验
2242,"德国宝（German Pool）,铂富（Breville）",待核验(多品牌组合),待核验,"多品牌拼接,需拆分核实",规则推断·未核验
2243,"HABA,Original Sprout",待核验(多品牌组合),待核验,"多品牌拼接,需拆分核实",规则推断·未核验
2244,"橘滋（Juicy Couture）,艾天然（Attenir）",待核验(多品牌组合),待核验,"多品牌拼接,需拆分核实",规则推断·未核验
2245,阿彼芙（ABIB）,待核验(中英混合),待核验,"中英混合,通常为真品牌,需逐个搜索",规则推断·未核验
2246,"秀肤生（Cell Fusion C）,碧迪皙（PDC）",待核验(多品牌组合),待核验,"多品牌拼接,需拆分核实",规则推断·未核验
2247,"麦迪安（Median）,CHARLOTTE TILBURY（CT）",待核验(多品牌组合),待核验,"多品牌拼接,需拆分核实",规则推断·未核验
2248,"SHEVEU,安瓶（CEMOY）",待核验(多品牌组合),待核验,"多品牌拼接,需拆分核实",规则推断·未核验
2249,"雅莉格丝（Elegance）,爱敬（AEKYUNG）",待核验(多品牌组合),待核验,"多品牌拼接,需拆分核实",规则推断·未核验
2250,露华浓,非假洋牌(国产),低,需进一步核实,规则推断·未核验
2251,"冠军（Champion）,特福（Tefal）",待核验(多品牌组合),待核验,"多品牌拼接,需拆分核实",规则推断·未核验
2252,"AKASHI,越之忍（KOSHI NO SHINOBU）",待核验(多品牌组合),待核验,"多品牌拼接,需拆分核实",规则推断·未核验
2253,"穆乐（MUHLE M）,汉美驰（Hamilton Beach）",待核验(多品牌组合),待核验,"多品牌拼接,需拆分核实",规则推断·未核验
2254,"摩飞电器（Morphyrichards）,德龙(delong)",待核验(多品牌组合),待核验,"多品牌拼接,需拆分核实",规则推断·未核验
2255,"他她语录（TATAYULU）,芭乐雅（Balea）",待核验(多品牌组合),待核验,"多品牌拼接,需拆分核实",规则推断·未核验
2256,"摩飞（mofei）,惠人",待核验(多品牌组合),待核验,"多品牌拼接,需拆分核实",规则推断·未核验
2257,"德美丝,DHC",待核验(多品牌组合),待核验,"多品牌拼接,需拆分核实",规则推断·未核验
2258,朱栈（red chamber）,待核验(中英混合),待核验,"中英混合,通常为真品牌,需逐个搜索",规则推断·未核验
2259,FLEUR DE PARIS,待核验(英文名),待核验,"英文名,需联网核验",规则推断·未核验
2260,"NINJA,ASCOT",待核验(多品牌组合),待核验,"多品牌拼接,需拆分核实",规则推断·未核验
2261,"Primal Kitchen,Julian Bakery",待核验(多品牌组合),待核验,"多品牌拼接,需拆分核实",规则推断·未核验
2262,"伟龙 始于1993,ottogi",待核验(多品牌组合),待核验,"多品牌拼接,需拆分核实",规则推断·未核验
2263,"PRICELINE,蜜浓（MINON）",待核验(多品牌组合),待核验,"多品牌拼接,需拆分核实",规则推断·未核验
2264,"资生堂（SHISEIDO PROFESSIONAL）,嘉娜宝（KANEBO）",待核验(多品牌组合),待核验,"多品牌拼接,需拆分核实",规则推断·未核验
2265,DEMAF,待核验(英文名),待核验,"英文名,需联网核验",规则推断·未核验
2266,ANTIO,待核验(英文名),待核验,"英文名,需联网核验",规则推断·未核验
2267,"维蕾德（WELEDA）,Klosterfrau",待核验(多品牌组合),待核验,"多品牌拼接,需拆分核实",规则推断·未核验
2268,"森下仁丹（Jintan）,Neosporin",待核验(多品牌组合),待核验,"多品牌拼接,需拆分核实",规则推断·未核验
2269,"何物,千妍",待核验(多品牌组合),待核验,"多品牌拼接,需拆分核实",规则推断·未核验
2270,宾利（Bentley）,待核验(中英混合),待核验,"中英混合,通常为真品牌,需逐个搜索",规则推断·未核验
2271,"资生堂（SHISEIDO PROFESSIONAL）,milbon",待核验(多品牌组合),待核验,"多品牌拼接,需拆分核实",规则推断·未核验
2272,钜记饼家,非假洋牌(国产),低,需进一步核实,规则推断·未核验
2273,"MAJESTY,OOFOS",待核验(多品牌组合),待核验,"多品牌拼接,需拆分核实",规则推断·未核验
2274,"韩方五谷,THREE",待核验(多品牌组合),待核验,"多品牌拼接,需拆分核实",规则推断·未核验
2275,德国宝（German Pool）,待核验(中英混合),待核验,"中英混合,通常为真品牌,需逐个搜索",规则推断·未核验
2276,"PADRE,阿佩罗（APEROL）",待核验(多品牌组合),待核验,"多品牌拼接,需拆分核实",规则推断·未核验
2277,凯乐石薄荷,非假洋牌(国产),低,需进一步核实,规则推断·未核验
2278,eone,待核验(英文名),待核验,"英文名,需联网核验",规则推断·未核验
2279,"HONEY ROA,玛丽安保莱（MARIANNEBOLLE）",待核验(多品牌组合),待核验,"多品牌拼接,需拆分核实",规则推断·未核验
2280,"爱诗魅（LABORATOIRE DERMATOLOGIQUE ACM）,维蕾德（WELEDA）",待核验(多品牌组合),待核验,"多品牌拼接,需拆分核实",规则推断·未核验
2281,"PRICELINE,近江兄弟社（OMI BROTHERHOOD）",待核验(多品牌组合),待核验,"多品牌拼接,需拆分核实",规则推断·未核验
2282,"Aderia,丸モ高木陶器",待核验(多品牌组合),待核验,"多品牌拼接,需拆分核实",规则推断·未核验
2283,"CIAO,西莎（CESAR）",待核验(多品牌组合),待核验,"多品牌拼接,需拆分核实",规则推断·未核验
2284,"金达（KANDA）,ic!berlin",待核验(多品牌组合),待核验,"多品牌拼接,需拆分核实",规则推断·未核验
2285,"CASETiFY,NINJA",待核验(多品牌组合),待核验,"多品牌拼接,需拆分核实",规则推断·未核验
2286,"imarflex,Tescom",待核验(多品牌组合),待核验,"多品牌拼接,需拆分核实",规则推断·未核验
2287,ROXY,待核验(英文名),待核验,"英文名,需联网核验",规则推断·未核验
2288,"颐莲（RELLET）,BIO",待核验(多品牌组合),待核验,"多品牌拼接,需拆分核实",规则推断·未核验
2289,CecileMaia,待核验(英文名),待核验,"英文名,需联网核验",规则推断·未核验
2290,"NE:AR,八道（PALDO）",待核验(多品牌组合),待核验,"多品牌拼接,需拆分核实",规则推断·未核验
2291,"Panama Jack,KDOPA",待核验(多品牌组合),待核验,"多品牌拼接,需拆分核实",规则推断·未核验
2292,"小蓝瓶（TAKAMI）,HTC",待核验(多品牌组合),待核验,"多品牌拼接,需拆分核实",规则推断·未核验
2293,"GA,COVERMARK",待核验(多品牌组合),待核验,"多品牌拼接,需拆分核实",规则推断·未核验
2294,Morelax,待核验(英文名),待核验,"英文名,需联网核验",规则推断·未核验
2295,"RMK,Fas-Fas",待核验(多品牌组合),待核验,"多品牌拼接,需拆分核实",规则推断·未核验
2296,"宫本川,珂莱欧（CLIO）",待核验(多品牌组合),待核验,"多品牌拼接,需拆分核实",规则推断·未核验
2297,LUSH,待核验(英文名),待核验,"英文名,需联网核验",规则推断·未核验
2298,inflation,待核验(英文名),待核验,"英文名,需联网核验",规则推断·未核验
2299,"peripera,益教授",待核验(多品牌组合),待核验,"多品牌拼接,需拆分核实",规则推断·未核验
2300,"sesderma,COW BRAND",待核验(多品牌组合),待核验,"多品牌拼接,需拆分核实",规则推断·未核验
2301,"咀香园,钜记饼家",待核验(多品牌组合),待核验,"多品牌拼接,需拆分核实",规则推断·未核验
2302,OLIVIAM,待核验(英文名),待核验,"英文名,需联网核验",规则推断·未核验
2303,"建伍（KENWOOD）,AOC",待核验(多品牌组合),待核验,"多品牌拼接,需拆分核实",规则推断·未核验
2304,"Nuface,特福（Tefal）",待核验(多品牌组合),待核验,"多品牌拼接,需拆分核实",规则推断·未核验
2305,Mama&Kids,待核验(英文名),待核验,"英文名,需联网核验",规则推断·未核验
2306,"REMINESSANCE,得康氧",待核验(多品牌组合),待核验,"多品牌拼接,需拆分核实",规则推断·未核验
2307,"安娜柏林（Annemarie Borlind）,德国世家（Dr.Hauschka）",待核验(多品牌组合),待核验,"多品牌拼接,需拆分核实",规则推断·未核验
2308,"资生堂（SHISEIDO PROFESSIONAL）,雅莉格丝（Elegance）",待核验(多品牌组合),待核验,"多品牌拼接,需拆分核实",规则推断·未核验
2309,Dariya,待核验(英文名),待核验,"英文名,需联网核验",规则推断·未核验
2310,"PAUL&JOE,德国魅影（KRYOLAN）",待核验(多品牌组合),待核验,"多品牌拼接,需拆分核实",规则推断·未核验
2311,"怡思丁（ISDIN）,olaplex",待核验(多品牌组合),待核验,"多品牌拼接,需拆分核实",规则推断·未核验
2312,春雨（Papa recipe）,待核验(中英混合),待核验,"中英混合,通常为真品牌,需逐个搜索",规则推断·未核验
2313,"鹿角巷（MILKTEA）,卡比乐",待核验(多品牌组合),待核验,"多品牌拼接,需拆分核实",规则推断·未核验
2314,"YASAKA,伟易达（Vtech）",待核验(多品牌组合),待核验,"多品牌拼接,需拆分核实",规则推断·未核验
2315,"LINDBERG,LUNOR",待核验(多品牌组合),待核验,"多品牌拼接,需拆分核实",规则推断·未核验
2316,"海旅免,松井（THE MATSUI）",待核验(多品牌组合),待核验,"多品牌拼接,需拆分核实",规则推断·未核验
2317,"德妃,颐莲（RELLET）",待核验(多品牌组合),待核验,"多品牌拼接,需拆分核实",规则推断·未核验
2318,MADONNA,待核验(英文名),待核验,"英文名,需联网核验",规则推断·未核验
2319,"JUNOBIO,YSL",待核验(多品牌组合),待核验,"多品牌拼接,需拆分核实",规则推断·未核验
2320,"花姿菓色（naturaglace）,雅莉格丝（Elegance）",待核验(多品牌组合),待核验,"多品牌拼接,需拆分核实",规则推断·未核验
2321,"薇薇安西太后,BOSS HUGO BOSS",待核验(多品牌组合),待核验,"多品牌拼接,需拆分核实",规则推断·未核验
2322,"HABA,COVERMARK",待核验(多品牌组合),待核验,"多品牌拼接,需拆分核实",规则推断·未核验
2323,"日立（HITACHI）,ICOM",待核验(多品牌组合),待核验,"多品牌拼接,需拆分核实",规则推断·未核验
2324,利善维,非假洋牌(国产),低,需进一步核实,规则推断·未核验
2325,JEEP,待核验(英文名),待核验,"英文名,需联网核验",规则推断·未核验
2326,"一叶子 ONE LEAF,爱敬（AEKYUNG）",待核验(多品牌组合),待核验,"多品牌拼接,需拆分核实",规则推断·未核验
2327,"高丝（Kose）,CECILE MAIA",待核验(多品牌组合),待核验,"多品牌拼接,需拆分核实",规则推断·未核验
2328,"杞他她（QITATA）,她及其他",待核验(多品牌组合),待核验,"多品牌拼接,需拆分核实",规则推断·未核验
2329,"PERFECT MOMENT,ALO YOGA",待核验(多品牌组合),待核验,"多品牌拼接,需拆分核实",规则推断·未核验
2330,Kusa,待核验(英文名),待核验,"英文名,需联网核验",规则推断·未核验
2331,纪梵哲,非假洋牌(国产),低,需进一步核实,规则推断·未核验
2332,"dr.arrivo,Nuface",待核验(多品牌组合),待核验,"多品牌拼接,需拆分核实",规则推断·未核验
2333,"德国魅影（KRYOLAN）,SUQQU",待核验(多品牌组合),待核验,"多品牌拼接,需拆分核实",规则推断·未核验
2334,MIKIMOTO,待核验(英文名),待核验,"英文名,需联网核验",规则推断·未核验
2335,"ALO YOGA,Selmark",待核验(多品牌组合),待核验,"多品牌拼接,需拆分核实",规则推断·未核验
2336,永谷园,非假洋牌(国产),低,需进一步核实,规则推断·未核验
2337,瑞妍（cellcosmet）,待核验(中英混合),待核验,"中英混合,通常为真品牌,需逐个搜索",规则推断·未核验
2338,"索爱,艾泰克ATK",待核验(多品牌组合),待核验,"多品牌拼接,需拆分核实",规则推断·未核验
2339,"WATUS,MOOV",待核验(多品牌组合),待核验,"多品牌拼接,需拆分核实",规则推断·未核验
2340,苏秘37°（Su:m37°）,待核验(中英混合),待核验,"中英混合,通常为真品牌,需逐个搜索",规则推断·未核验
2341,SIDAS,待核验(英文名),待核验,"英文名,需联网核验",规则推断·未核验
2342,"高丝（Kose）,PANPURI",待核验(多品牌组合),待核验,"多品牌拼接,需拆分核实",规则推断·未核验
2343,丽芝士,非假洋牌(国产),低,需进一步核实,规则推断·未核验
2344,"ALO YOGA,纪思梵",待核验(多品牌组合),待核验,"多品牌拼接,需拆分核实",规则推断·未核验
2345,R&F,疑似假洋牌(无元音),高,"无元音字母,高风险生造名",规则推断·未核验
2346,"HTC,雅莉格丝（Elegance）",待核验(多品牌组合),待核验,"多品牌拼接,需拆分核实",规则推断·未核验
2347,"Freeze Frame,近江兄弟",待核验(多品牌组合),待核验,"多品牌拼接,需拆分核实",规则推断·未核验
2348,PK,疑似假洋牌(无元音),高,"无元音字母,高风险生造名",规则推断·未核验
2349,"ZEAL,一叶子 ONE LEAF",待核验(多品牌组合),待核验,"多品牌拼接,需拆分核实",规则推断·未核验
2350,"川崎（KWSK）,皓乐齿（Ora2）",待核验(多品牌组合),待核验,"多品牌拼接,需拆分核实",规则推断·未核验
2351,L.A. GIRL,待核验(英文名),待核验,"英文名,需联网核验",规则推断·未核验
2352,"建伍（KENWOOD）,伊莱克斯（Electrolux）",待核验(多品牌组合),待核验,"多品牌拼接,需拆分核实",规则推断·未核验
2353,"Dermaroller,GALLITH",待核验(多品牌组合),待核验,"多品牌拼接,需拆分核实",规则推断·未核验
2354,"glorious,SHARPER IMAGE",待核验(多品牌组合),待核验,"多品牌拼接,需拆分核实",规则推断·未核验
2355,美浮特,非假洋牌(国产),低,需进一步核实,规则推断·未核验
2356,"美诺（MIELE）,日立（HITACHI）",待核验(多品牌组合),待核验,"多品牌拼接,需拆分核实",规则推断·未核验
2357,"嫒碧知,FLORIS",待核验(多品牌组合),待核验,"多品牌拼接,需拆分核实",规则推断·未核验
2358,"日立（HITACHI）,GAGGENAU",待核验(多品牌组合),待核验,"多品牌拼接,需拆分核实",规则推断·未核验
2359,"Freeze Frame,雅莉格丝（Elegance）",待核验(多品牌组合),待核验,"多品牌拼接,需拆分核实",规则推断·未核验
2360,"一叶子 ONE LEAF,颐莲（RELLET）",待核验(多品牌组合),待核验,"多品牌拼接,需拆分核实",规则推断·未核验
2361,JACK WOLFSKIN,待核验(英文名),待核验,"英文名,需联网核验",规则推断·未核验
2362,高丽雅娜（Coreana）,待核验(中英混合),待核验,"中英混合,通常为真品牌,需逐个搜索",规则推断·未核验
2363,"NINJA,美诺（MIELE）",待核验(多品牌组合),待核验,"多品牌拼接,需拆分核实",规则推断·未核验
2364,"ALO,ALO YOGA",待核验(多品牌组合),待核验,"多品牌拼接,需拆分核实",规则推断·未核验
2365,"神田,三禾",待核验(多品牌组合),待核验,"多品牌拼接,需拆分核实",规则推断·未核验
2366,"雅莉格丝（Elegance）,瑞妍（cellcosmet）",待核验(多品牌组合),待核验,"多品牌拼接,需拆分核实",规则推断·未核验
2367,"KESALAN PATHARAN,excel",待核验(多品牌组合),待核验,"多品牌拼接,需拆分核实",规则推断·未核验
2368,玛尔斯（MARVIS）,待核验(中英混合),待核验,"中英混合,通常为真品牌,需逐个搜索",规则推断·未核验
2369,"摩音,一兰（ICHIRAN）",待核验(多品牌组合),待核验,"多品牌拼接,需拆分核实",规则推断·未核验
2370,"NUK,赫巴兹（HZIB）",待核验(多品牌组合),待核验,"多品牌拼接,需拆分核实",规则推断·未核验
2371,"YSL,Alo Yoga",待核验(多品牌组合),待核验,"多品牌拼接,需拆分核实",规则推断·未核验
2372,"皮尔卡丹（pierre cardin）,汉美驰（Hamilton Beach）",待核验(多品牌组合),待核验,"多品牌拼接,需拆分核实",规则推断·未核验
2373,"FITBIT,美诺（MIELE）",待核验(多品牌组合),待核验,"多品牌拼接,需拆分核实",规则推断·未核验
2374,"高丝（Kose）,馥绿德雅（RENE FURTERER）",待核验(多品牌组合),待核验,"多品牌拼接,需拆分核实",规则推断·未核验
2375,"斯蒂万（SteamOne）,特福（Tefal）",待核验(多品牌组合),待核验,"多品牌拼接,需拆分核实",规则推断·未核验
2376,"茱莉蔻,皑丽",待核验(多品牌组合),待核验,"多品牌拼接,需拆分核实",规则推断·未核验
2377,"美诺（MIELE）,WHOOP",待核验(多品牌组合),待核验,"多品牌拼接,需拆分核实",规则推断·未核验
2378,"真维斯（Jeanswest）,汉尼（HANY）",待核验(多品牌组合),待核验,"多品牌拼接,需拆分核实",规则推断·未核验
2379,贝茗（Bare Minerals）,待核验(中英混合),待核验,"中英混合,通常为真品牌,需逐个搜索",规则推断·未核验
2380,珀莱雅双抗,非假洋牌(国产),低,需进一步核实,规则推断·未核验
2381,"林清轩 山茶花护肤,方里（FUNNY ELVES）",待核验(多品牌组合),待核验,"多品牌拼接,需拆分核实",规则推断·未核验
2382,"DR.DH,德妃（DERMAFIRM）",待核验(多品牌组合),待核验,"多品牌拼接,需拆分核实",规则推断·未核验
2383,"玛丽安保莱（MARIANNEBOLLE）,CHARLOTTE TILBURY（CT）",待核验(多品牌组合),待核验,"多品牌拼接,需拆分核实",规则推断·未核验
2384,MANIC PANIC,待核验(英文名),待核验,"英文名,需联网核验",规则推断·未核验
2385,"WWOOR,日立（HITACHI）",待核验(多品牌组合),待核验,"多品牌拼接,需拆分核实",规则推断·未核验
2386,"UZUPRO,利维肤（Revive）",待核验(多品牌组合),待核验,"多品牌拼接,需拆分核实",规则推断·未核验
2387,卡尼尔（Garnier）,待核验(中英混合),待核验,"中英混合,通常为真品牌,需逐个搜索",规则推断·未核验
2388,"dr.arrivo,博朗菲（Borownfie）",待核验(多品牌组合),待核验,"多品牌拼接,需拆分核实",规则推断·未核验
2389,Silk'n,待核验(英文名),待核验,"英文名,需联网核验",规则推断·未核验
2390,"MT METATRON,花姿菓色（naturaglace）",待核验(多品牌组合),待核验,"多品牌拼接,需拆分核实",规则推断·未核验
2391,"Ark Naturals,Stranger Things",待核验(多品牌组合),待核验,"多品牌拼接,需拆分核实",规则推断·未核验
2392,"Original Sprout,MUSTELA",待核验(多品牌组合),待核验,"多品牌拼接,需拆分核实",规则推断·未核验
2393,OFF-WHITE C/O VIRGIL ABLOH,待核验(多品牌组合),待核验,"多品牌拼接,需拆分核实",规则推断·未核验
2394,爱步定,非假洋牌(国产),低,需进一步核实,规则推断·未核验
2395,"PRICELINE,德国魅影（KRYOLAN）",待核验(多品牌组合),待核验,"多品牌拼接,需拆分核实",规则推断·未核验
2396,帕拉索,非假洋牌(国产),低,需进一步核实,规则推断·未核验
2397,"A BATHING APE,BEAMS",待核验(多品牌组合),待核验,"多品牌拼接,需拆分核实",规则推断·未核验
2398,"CHARLOTTE TILBURY（CT）,瑞妍（cellcosmet）",待核验(多品牌组合),待核验,"多品牌拼接,需拆分核实",规则推断·未核验
2399,"ALO YOGA,NOVESTA",待核验(多品牌组合),待核验,"多品牌拼接,需拆分核实",规则推断·未核验
2400,"Nuface,Silk'n",待核验(多品牌组合),待核验,"多品牌拼接,需拆分核实",规则推断·未核验
2401,米勒·海莉诗（Miller Harris）,待核验(中英混合),待核验,"中英混合,通常为真品牌,需逐个搜索",规则推断·未核验
2402,Cabaku,待核验(英文名),待核验,"英文名,需联网核验",规则推断·未核验
2403,"itel,C",待核验(多品牌组合),待核验,"多品牌拼接,需拆分核实",规则推断·未核验
2404,"利维肤（Revive）,瑞妍（cellcosmet）",待核验(多品牌组合),待核验,"多品牌拼接,需拆分核实",规则推断·未核验
2405,"Noeme,施丹兰（STENDERS）",待核验(多品牌组合),待核验,"多品牌拼接,需拆分核实",规则推断·未核验
2406,"PNY,skagen",待核验(多品牌组合),待核验,"多品牌拼接,需拆分核实",规则推断·未核验
2407,"艾杜莎（Ettusais）,SUQQU",待核验(多品牌组合),待核验,"多品牌拼接,需拆分核实",规则推断·未核验
2408,"贝茗（Bare Minerals）,it cosmetics",待核验(多品牌组合),待核验,"多品牌拼接,需拆分核实",规则推断·未核验
2409,"华尔（WAHL）,POKALEN",待核验(多品牌组合),待核验,"多品牌拼接,需拆分核实",规则推断·未核验
2410,Ka,待核验(英文名),待核验,"英文名,需联网核验",规则推断·未核验
2411,"瑞铂希（REPACELL）,雪肌精（SEKKISEI）",待核验(多品牌组合),待核验,"多品牌拼接,需拆分核实",规则推断·未核验
2412,"皮尔卡丹（pierre cardin）,范琦（Fanci）",待核验(多品牌组合),待核验,"多品牌拼接,需拆分核实",规则推断·未核验
2413,富士,非假洋牌(国产),低,需进一步核实,规则推断·未核验
2414,"Creer Beaute,CHARLOTTE TILBURY（CT）",待核验(多品牌组合),待核验,"多品牌拼接,需拆分核实",规则推断·未核验
2415,"RMK,ADDICTION",待核验(多品牌组合),待核验,"多品牌拼接,需拆分核实",规则推断·未核验
2416,伊索（AESOP）,待核验(中英混合),待核验,"中英混合,通常为真品牌,需逐个搜索",规则推断·未核验
2417,"萨拉维夫（SLLAVIF）,HR",待核验(多品牌组合),待核验,"多品牌拼接,需拆分核实",规则推断·未核验
2418,"VERMICULAR,±0",待核验(多品牌组合),待核验,"多品牌拼接,需拆分核实",规则推断·未核验
2419,"CELIMAX,SKIN 1004",待核验(多品牌组合),待核验,"多品牌拼接,需拆分核实",规则推断·未核验
2420,"资生堂（SHISEIDO PROFESSIONAL）,SUQQU",待核验(多品牌组合),待核验,"多品牌拼接,需拆分核实",规则推断·未核验
2421,VENUM,待核验(英文名),待核验,"英文名,需联网核验",规则推断·未核验
2422,"DUP,CLUB",待核验(多品牌组合),待核验,"多品牌拼接,需拆分核实",规则推断·未核验
2423,"秀肤生（Cell Fusion C）,UZUPRO",待核验(多品牌组合),待核验,"多品牌拼接,需拆分核实",规则推断·未核验
2424,"POLA,艾杜莎（Ettusais）",待核验(多品牌组合),待核验,"多品牌拼接,需拆分核实",规则推断·未核验
2425,"mosh!,SKIMS",待核验(多品牌组合),待核验,"多品牌拼接,需拆分核实",规则推断·未核验
2426,"图丽（TOKINA）,WWOOR",待核验(多品牌组合),待核验,"多品牌拼接,需拆分核实",规则推断·未核验
2427,"lavy,维蕾德（WELEDA）",待核验(多品牌组合),待核验,"多品牌拼接,需拆分核实",规则推断·未核验
2428,CoCoChi,待核验(英文名),待核验,"英文名,需联网核验",规则推断·未核验
2429,"CREED,爱敬（AEKYUNG）",待核验(多品牌组合),待核验,"多品牌拼接,需拆分核实",规则推断·未核验
2430,凯朵（KATE）,待核验(中英混合),待核验,"中英混合,通常为真品牌,需逐个搜索",规则推断·未核验
2431,"UWANT,BLAUPUNKT",待核验(多品牌组合),待核验,"多品牌拼接,需拆分核实",规则推断·未核验
2432,ALO YOGA,待核验(英文名),待核验,"英文名,需联网核验",规则推断·未核验
2433,"D二次方（DSquared2）,巴尔曼（BALMAIN）",待核验(多品牌组合),待核验,"多品牌拼接,需拆分核实",规则推断·未核验
2434,"AROUGE,花姿菓色（naturaglace）",待核验(多品牌组合),待核验,"多品牌拼接,需拆分核实",规则推断·未核验
2435,"建伍（KENWOOD）,网件（NETGEAR）",待核验(多品牌组合),待核验,"多品牌拼接,需拆分核实",规则推断·未核验
2436,"IN ESSENCE,INSRE",待核验(多品牌组合),待核验,"多品牌拼接,需拆分核实",规则推断·未核验
2437,PRICELINE,待核验(英文名),待核验,"英文名,需联网核验",规则推断·未核验
2438,"美诺（MIELE）,先锋（Pioneer）",待核验(多品牌组合),待核验,"多品牌拼接,需拆分核实",规则推断·未核验
2439,"Elta MD,cure",待核验(多品牌组合),待核验,"多品牌拼接,需拆分核实",规则推断·未核验
2440,BHARAL,待核验(英文名),待核验,"英文名,需联网核验",规则推断·未核验
2441,"caravan,GOLDWIN",待核验(多品牌组合),待核验,"多品牌拼接,需拆分核实",规则推断·未核验
2442,DECORRACK,待核验(英文名),待核验,"英文名,需联网核验",规则推断·未核验
2443,"建伍（KENWOOD）,JBL",待核验(多品牌组合),待核验,"多品牌拼接,需拆分核实",规则推断·未核验
2444,"施丹兰（STENDERS）,INSRE",待核验(多品牌组合),待核验,"多品牌拼接,需拆分核实",规则推断·未核验
2445,LODGE,待核验(英文名),待核验,"英文名,需联网核验",规则推断·未核验
2446,"Goldwell,艾梵达（AVEDA）",待核验(多品牌组合),待核验,"多品牌拼接,需拆分核实",规则推断·未核验
2447,博乐达（BRODA）,待核验(中英混合),待核验,"中英混合,通常为真品牌,需逐个搜索",规则推断·未核验
2448,"moira,碧唇（Blistex）",待核验(多品牌组合),待核验,"多品牌拼接,需拆分核实",规则推断·未核验
2449,MONCLOS,待核验(英文名),待核验,"英文名,需联网核验",规则推断·未核验
2450,W.DRESSROOM,待核验(英文名),待核验,"英文名,需联网核验",规则推断·未核验
2451,"雪花秀,资生堂（SHISEIDO PROFESSIONAL）",待核验(多品牌组合),待核验,"多品牌拼接,需拆分核实",规则推断·未核验
2452,蜜浓（MINON）,待核验(中英混合),待核验,"中英混合,通常为真品牌,需逐个搜索",规则推断·未核验
2453,碧然德,非假洋牌(国产),低,需进一步核实,规则推断·未核验
2454,"Vitamix,Nakamichi",待核验(多品牌组合),待核验,"多品牌拼接,需拆分核实",规则推断·未核验
2455,"建伍（KENWOOD）,JEEP",待核验(多品牌组合),待核验,"多品牌拼接,需拆分核实",规则推断·未核验
2456,伊丽莎白.雅顿,非假洋牌(国产),低,需进一步核实,规则推断·未核验
2457,"KENWOOD,ICOM",待核验(多品牌组合),待核验,"多品牌拼接,需拆分核实",规则推断·未核验
2458,"迪桑特,SIMMS",待核验(多品牌组合),待核验,"多品牌拼接,需拆分核实",规则推断·未核验
2459,"日立（HITACHI）,伊顿（Eaton）",待核验(多品牌组合),待核验,"多品牌拼接,需拆分核实",规则推断·未核验
2460,Spa treatment,待核验(英文名),待核验,"英文名,需联网核验",规则推断·未核验
2461,尚南堂,非假洋牌(国产),低,需进一步核实,规则推断·未核验
2462,GORDON & MACPHAIL,待核验(英文名),待核验,"英文名,需联网核验",规则推断·未核验
2463,"施丹兰（STENDERS）,本 肌本道",待核验(多品牌组合),待核验,"多品牌拼接,需拆分核实",规则推断·未核验
2464,"美诺（MIELE）,ICOM",待核验(多品牌组合),待核验,"多品牌拼接,需拆分核实",规则推断·未核验
2465,PORA,待核验(英文名),待核验,"英文名,需联网核验",规则推断·未核验
2466,"Franck Olivier,古巴（Cuba）",待核验(多品牌组合),待核验,"多品牌拼接,需拆分核实",规则推断·未核验
2467,"Kangol,ALO YOGA",待核验(多品牌组合),待核验,"多品牌拼接,需拆分核实",规则推断·未核验
2468,PB,疑似假洋牌(无元音),高,"无元音字母,高风险生造名",规则推断·未核验
2469,"雅莉格丝（Elegance）,怡思丁（ISDIN）",待核验(多品牌组合),待核验,"多品牌拼接,需拆分核实",规则推断·未核验
2470,GOSEN,待核验(英文名),待核验,"英文名,需联网核验",规则推断·未核验
2471,百雀羚一刻,非假洋牌(国产),低,需进一步核实,规则推断·未核验
2472,"本 肌本道,AI HE RUI",待核验(多品牌组合),待核验,"多品牌拼接,需拆分核实",规则推断·未核验
2473,"日立（HITACHI）,艾尚俪",待核验(多品牌组合),待核验,"多品牌拼接,需拆分核实",规则推断·未核验
2474,"CHERRY,日立（HITACHI）",待核验(多品牌组合),待核验,"多品牌拼接,需拆分核实",规则推断·未核验
2475,"秀肤生（Cell Fusion C）,利维肤（Revive）",待核验(多品牌组合),待核验,"多品牌拼接,需拆分核实",规则推断·未核验
2476,COVERMARK,待核验(英文名),待核验,"英文名,需联网核验",规则推断·未核验
2477,"COW,CANMAKE",待核验(多品牌组合),待核验,"多品牌拼接,需拆分核实",规则推断·未核验
2478,"西伯利亚（XIBERIA）,山水（SANSUI）",待核验(多品牌组合),待核验,"多品牌拼接,需拆分核实",规则推断·未核验
2479,"艾杜莎（Ettusais）,丽珠兰（REJURAN）",待核验(多品牌组合),待核验,"多品牌拼接,需拆分核实",规则推断·未核验
2480,珂莱欧（CLIO）,待核验(中英混合),待核验,"中英混合,通常为真品牌,需逐个搜索",规则推断·未核验
2481,七容,非假洋牌(国产),低,需进一步核实,规则推断·未核验
2482,"古兰驰（GULANCHI）,雅莉格丝",待核验(多品牌组合),待核验,"多品牌拼接,需拆分核实",规则推断·未核验
2483,REPRESENT,待核验(英文名),待核验,"英文名,需联网核验",规则推断·未核验
2484,Deonatulle,待核验(英文名),待核验,"英文名,需联网核验",规则推断·未核验
2485,NOTHING,待核验(英文名),待核验,"英文名,需联网核验",规则推断·未核验
2486,凯伍德（KENWOOD）,待核验(中英混合),待核验,"中英混合,通常为真品牌,需逐个搜索",规则推断·未核验
2487,曼多贝尔MONDOBELL,待核验(中英混合),待核验,"中英混合,通常为真品牌,需逐个搜索",规则推断·未核验
2488,"资生堂（SHISEIDO PROFESSIONAL）,苏秘37°（Su:m37°）",待核验(多品牌组合),待核验,"多品牌拼接,需拆分核实",规则推断·未核验
2489,欧缇丽（Caudalie）,待核验(中英混合),待核验,"中英混合,通常为真品牌,需逐个搜索",规则推断·未核验
2490,"菲洛嘉（Filorga）,Laura Mercier",待核验(多品牌组合),待核验,"多品牌拼接,需拆分核实",规则推断·未核验
2491,"Tabata,迪士尼（Disney）",待核验(多品牌组合),待核验,"多品牌拼接,需拆分核实",规则推断·未核验
2492,SKIMS,待核验(英文名),待核验,"英文名,需联网核验",规则推断·未核验
2493,"YSL,MIKIMOTO",待核验(多品牌组合),待核验,"多品牌拼接,需拆分核实",规则推断·未核验
2494,SMOOTHSKIN,待核验(英文名),待核验,"英文名,需联网核验",规则推断·未核验
2495,"AMIRI,BARENA",待核验(多品牌组合),待核验,"多品牌拼接,需拆分核实",规则推断·未核验
2496,施丹兰（STENDERS）,待核验(中英混合),待核验,"中英混合,通常为真品牌,需逐个搜索",规则推断·未核验
2497,"牙米滋,孔雀（Peacock）",待核验(多品牌组合),待核验,"多品牌拼接,需拆分核实",规则推断·未核验
2498,宝可梦,非假洋牌(国产),低,需进一步核实,规则推断·未核验
2499,"生鲜本能（instinct）,渴望（Orijen）",待核验(多品牌组合),待核验,"多品牌拼接,需拆分核实",规则推断·未核验
2500,水之璨（suisai）,待核验(中英混合),待核验,"中英混合,通常为真品牌,需逐个搜索",规则推断·未核验
2501,"露华浓,薇姿（VICHY）",待核验(多品牌组合),待核验,"多品牌拼接,需拆分核实",规则推断·未核验
2502,利维肤（Revive）,待核验(中英混合),待核验,"中英混合,通常为真品牌,需逐个搜索",规则推断·未核验
2503,"Kindle,伊莱克斯（Electrolux）",待核验(多品牌组合),待核验,"多品牌拼接,需拆分核实",规则推断·未核验
2504,SABON,待核验(英文名),待核验,"英文名,需联网核验",规则推断·未核验
2505,"COVERMARK,雅莉格丝（Elegance）",待核验(多品牌组合),待核验,"多品牌拼接,需拆分核实",规则推断·未核验
2506,"摩飞电器（Morphyrichards）,Wedgwood",待核验(多品牌组合),待核验,"多品牌拼接,需拆分核实",规则推断·未核验
2507,"WHOOP,ICOM",待核验(多品牌组合),待核验,"多品牌拼接,需拆分核实",规则推断·未核验
2508,"Aura Cacia,CAMILLE ROSE",待核验(多品牌组合),待核验,"多品牌拼接,需拆分核实",规则推断·未核验
2509,微单,非假洋牌(国产),低,需进一步核实,规则推断·未核验
2510,ADDICTION,待核验(英文名),待核验,"英文名,需联网核验",规则推断·未核验
2511,"施图霖（Stuhrling）,安妮克莱因（ANNE KLEIN）",待核验(多品牌组合),待核验,"多品牌拼接,需拆分核实",规则推断·未核验
2512,DPK,疑似假洋牌(无元音),高,"无元音字母,高风险生造名",规则推断·未核验
2513,"沙驰（SATCHI）,摩飞电器（Morphyrichards）",待核验(多品牌组合),待核验,"多品牌拼接,需拆分核实",规则推断·未核验
2514,网件（NETGEAR）,待核验(中英混合),待核验,"中英混合,通常为真品牌,需逐个搜索",规则推断·未核验
2515,HABA,待核验(英文名),待核验,"英文名,需联网核验",规则推断·未核验
2516,"AOC,WHOOP",待核验(多品牌组合),待核验,"多品牌拼接,需拆分核实",规则推断·未核验
2517,"谷雨（GOODWAY）,薇姿（VICHY）",待核验(多品牌组合),待核验,"多品牌拼接,需拆分核实",规则推断·未核验
2518,"AOC,OURA",待核验(多品牌组合),待核验,"多品牌拼接,需拆分核实",规则推断·未核验
2519,Mountain Hardwear,待核验(英文名),待核验,"英文名,需联网核验",规则推断·未核验
2520,"网件（NETGEAR）,荣事达（Royalstar）",待核验(多品牌组合),待核验,"多品牌拼接,需拆分核实",规则推断·未核验
2521,"艾尔玛诺·谢尔维诺（ERMANNO SCERVINO）,S MAX MARA",待核验(多品牌组合),待核验,"多品牌拼接,需拆分核实",规则推断·未核验
2522,"By Kilian,馥马尔",待核验(多品牌组合),待核验,"多品牌拼接,需拆分核实",规则推断·未核验
2523,"ALO YOGA,G FORE",待核验(多品牌组合),待核验,"多品牌拼接,需拆分核实",规则推断·未核验
2524,悠莱,非假洋牌(国产),低,需进一步核实,规则推断·未核验
2525,"山雾花野（Flower Mountain）,泰尼飞（Tecnifibre）",待核验(多品牌组合),待核验,"多品牌拼接,需拆分核实",规则推断·未核验
2526,NOEVIR,待核验(英文名),待核验,"英文名,需联网核验",规则推断·未核验
2527,MSGM,疑似假洋牌(无元音),高,"无元音字母,高风险生造名",规则推断·未核验
2528,"德国唯宝（Villeroy&Boch）,JEEP",待核验(多品牌组合),待核验,"多品牌拼接,需拆分核实",规则推断·未核验
2529,沃尔夫冈（WOLFGANG）,待核验(中英混合),待核验,"中英混合,通常为真品牌,需逐个搜索",规则推断·未核验
2530,"ALO YOGA,FILSON",待核验(多品牌组合),待核验,"多品牌拼接,需拆分核实",规则推断·未核验
2531,"红狼（RED WOLF）,SPORLASTIC",待核验(多品牌组合),待核验,"多品牌拼接,需拆分核实",规则推断·未核验
2532,CARITA凯芮黛,待核验(中英混合),待核验,"中英混合,通常为真品牌,需逐个搜索",规则推断·未核验
2533,"FITBIT,AOC",待核验(多品牌组合),待核验,"多品牌拼接,需拆分核实",规则推断·未核验
2534,沙驰（SATCHI）,待核验(中英混合),待核验,"中英混合,通常为真品牌,需逐个搜索",规则推断·未核验
2535,"DUNST,ALO YOGA",待核验(多品牌组合),待核验,"多品牌拼接,需拆分核实",规则推断·未核验
2536,"恏缘精品,Hello Kitty",待核验(多品牌组合),待核验,"多品牌拼接,需拆分核实",规则推断·未核验
2537,"塔思琦,REALISATION PAR",待核验(多品牌组合),待核验,"多品牌拼接,需拆分核实",规则推断·未核验
2538,"Kindle,伊顿（Eaton）",待核验(多品牌组合),待核验,"多品牌拼接,需拆分核实",规则推断·未核验
2539,CHERRY,存疑,低,"同名品牌众多,需确认具体主体",已联网核验
2540,Kindle,待核验(英文名),待核验,"英文名,需联网核验",规则推断·未核验
2541,"杜莎蕾奴,KAGAMI",待核验(多品牌组合),待核验,"多品牌拼接,需拆分核实",规则推断·未核验
2542,"AOC,德国宝（German Pool）",待核验(多品牌组合),待核验,"多品牌拼接,需拆分核实",规则推断·未核验
2543,REXL,待核验(英文名),待核验,"英文名,需联网核验",规则推断·未核验
2544,新百伦,非假洋牌(国产),低,需进一步核实,规则推断·未核验
2545,"百斯锐（Bestray）,COOGI",待核验(多品牌组合),待核验,"多品牌拼接,需拆分核实",规则推断·未核验
2546,"HEGEN,SKATER",待核验(多品牌组合),待核验,"多品牌拼接,需拆分核实",规则推断·未核验
2547,艾丽美（ELEMIS）,待核验(中英混合),待核验,"中英混合,通常为真品牌,需逐个搜索",规则推断·未核验
2548,"斐泉（fiji）,中原（TRUNG NGUYEN）",待核验(多品牌组合),待核验,"多品牌拼接,需拆分核实",规则推断·未核验
2549,"DUNLOP,Victas",待核验(多品牌组合),待核验,"多品牌拼接,需拆分核实",规则推断·未核验
2550,"菲利普（PHILLIPS）,SWANS",待核验(多品牌组合),待核验,"多品牌拼接,需拆分核实",规则推断·未核验
2551,"铂富（Breville）,REMARKABLE",待核验(多品牌组合),待核验,"多品牌拼接,需拆分核实",规则推断·未核验
2552,"网件（NETGEAR）,魔声（Monster）",待核验(多品牌组合),待核验,"多品牌拼接,需拆分核实",规则推断·未核验
2553,"BAKER SKATEBOARDS,ALO YOGA",待核验(多品牌组合),待核验,"多品牌拼接,需拆分核实",规则推断·未核验
2554,"Essential Parfums,芦丹氏（SergeLutens）",待核验(多品牌组合),待核验,"多品牌拼接,需拆分核实",规则推断·未核验
2555,AMIRI,待核验(英文名),待核验,"英文名,需联网核验",规则推断·未核验
2556,Laurel,待核验(英文名),待核验,"英文名,需联网核验",规则推断·未核验
2557,"维氏（VICTORINOX）,生鲜本能（instinct）",待核验(多品牌组合),待核验,"多品牌拼接,需拆分核实",规则推断·未核验
2558,"DRIES VAN NOTEN,Vince",待核验(多品牌组合),待核验,"多品牌拼接,需拆分核实",规则推断·未核验
2559,"Sydney Evan,S MAX MARA",待核验(多品牌组合),待核验,"多品牌拼接,需拆分核实",规则推断·未核验
2560,"DSQUARED2,WILLY CHAVARRIA",待核验(多品牌组合),待核验,"多品牌拼接,需拆分核实",规则推断·未核验
2561,"AMIRI,FIORUCCI",待核验(多品牌组合),待核验,"多品牌拼接,需拆分核实",规则推断·未核验
2562,"网件（NETGEAR）,美膳雅（CUISINART）",待核验(多品牌组合),待核验,"多品牌拼接,需拆分核实",规则推断·未核验
2563,Q,疑似假洋牌(无元音),高,"无元音字母,高风险生造名",规则推断·未核验
2564,"皮尔卡丹（pierre cardin）,LODGE",待核验(多品牌组合),待核验,"多品牌拼接,需拆分核实",规则推断·未核验
2565,威格（Wrangler）,待核验(中英混合),待核验,"中英混合,通常为真品牌,需逐个搜索",规则推断·未核验
2566,"ALO YOGA,史克威尔艾尼克斯（SQUARE ENIX）",待核验(多品牌组合),待核验,"多品牌拼接,需拆分核实",规则推断·未核验
2567,"山水（SANSUI）,吉年瓦兰",待核验(多品牌组合),待核验,"多品牌拼接,需拆分核实",规则推断·未核验
2568,GOYARD,待核验(英文名),待核验,"英文名,需联网核验",规则推断·未核验
2569,"安妮克莱因（ANNE KLEIN）,FILSON",待核验(多品牌组合),待核验,"多品牌拼接,需拆分核实",规则推断·未核验
2570,"KJUS,尼克松（Nixon）",待核验(多品牌组合),待核验,"多品牌拼接,需拆分核实",规则推断·未核验
2571,"网件（NETGEAR）,Kindle",待核验(多品牌组合),待核验,"多品牌拼接,需拆分核实",规则推断·未核验
2572,葆丽美（Suisse Programme）,待核验(中英混合),待核验,"中英混合,通常为真品牌,需逐个搜索",规则推断·未核验
2573,艾杜莎（Ettusais）,待核验(中英混合),待核验,"中英混合,通常为真品牌,需逐个搜索",规则推断·未核验
2574,JBL,疑似假洋牌(无元音),高,"无元音字母,高风险生造名",规则推断·未核验
2575,"宝路华（BULOVA）,G FORE",待核验(多品牌组合),待核验,"多品牌拼接,需拆分核实",规则推断·未核验
2576,颐莲（RELLET）,待核验(中英混合),待核验,"中英混合,通常为真品牌,需逐个搜索",规则推断·未核验
2577,G FORE,待核验(英文名),待核验,"英文名,需联网核验",规则推断·未核验
2578,安妮克莱因（ANNE KLEIN）,待核验(中英混合),待核验,"中英混合,通常为真品牌,需逐个搜索",规则推断·未核验
2579,"OOFOS,坎戈尔袋鼠（KANGOL）",待核验(多品牌组合),待核验,"多品牌拼接,需拆分核实",规则推断·未核验
2580,Kinto,待核验(英文名),待核验,"英文名,需联网核验",规则推断·未核验
2581,AOC,待核验(英文名),待核验,"英文名,需联网核验",规则推断·未核验
2582,"Buly1803,Rituals",待核验(多品牌组合),待核验,"多品牌拼接,需拆分核实",规则推断·未核验
2583,百斯锐（Bestray）,待核验(中英混合),待核验,"中英混合,通常为真品牌,需逐个搜索",规则推断·未核验
2584,REALISATION PAR,待核验(英文名),待核验,"英文名,需联网核验",规则推断·未核验
2585,"visvim,Kiton",待核验(多品牌组合),待核验,"多品牌拼接,需拆分核实",规则推断·未核验
2586,OFF WHITE,待核验(英文名),待核验,"英文名,需联网核验",规则推断·未核验
2587,"THEORY,Kendra Scott",待核验(多品牌组合),待核验,"多品牌拼接,需拆分核实",规则推断·未核验
2588,诺基亚（NOKIA）,待核验(中英混合),待核验,"中英混合,通常为真品牌,需逐个搜索",规则推断·未核验
2589,"Kiton,GIANNI CHIARINI",待核验(多品牌组合),待核验,"多品牌拼接,需拆分核实",规则推断·未核验
2590,"G FORE,GOLDWIN",待核验(多品牌组合),待核验,"多品牌拼接,需拆分核实",规则推断·未核验
2591,SUPREME,待核验(英文名),待核验,"英文名,需联网核验",规则推断·未核验
2592,康佳（KONKA）,待核验(中英混合),待核验,"中英混合,通常为真品牌,需逐个搜索",规则推断·未核验
2593,"JACQUEMUS,PDPAOLA",待核验(多品牌组合),待核验,"多品牌拼接,需拆分核实",规则推断·未核验
2594,"sera,迪士尼（Disney）",待核验(多品牌组合),待核验,"多品牌拼接,需拆分核实",规则推断·未核验
2595,"AOC,富士施乐（Fuji Xerox）",待核验(多品牌组合),待核验,"多品牌拼接,需拆分核实",规则推断·未核验
2596,"YASAKA,NEW ERA",待核验(多品牌组合),待核验,"多品牌拼接,需拆分核实",规则推断·未核验
2597,世界地理（WORLD  GEOGRAPHY）,待核验(中英混合),待核验,"中英混合,通常为真品牌,需逐个搜索",规则推断·未核验
2598,BUTTERFLY,待核验(英文名),待核验,"英文名,需联网核验",规则推断·未核验
2599,Zippo,待核验(英文名),待核验,"英文名,需联网核验",规则推断·未核验
2600,superdry,待核验(英文名),待核验,"英文名,需联网核验",规则推断·未核验
2601,黑莓（BlackBerry）,待核验(中英混合),待核验,"中英混合,通常为真品牌,需逐个搜索",规则推断·未核验
2602,"宝路华（BULOVA）,STUHRLING",待核验(多品牌组合),待核验,"多品牌拼接,需拆分核实",规则推断·未核验
2603,"G FORE,Kendra Scott",待核验(多品牌组合),待核验,"多品牌拼接,需拆分核实",规则推断·未核验
2604,THEORY,待核验(英文名),待核验,"英文名,需联网核验",规则推断·未核验
2605,"JACQUEMUS,Kendra Scott",待核验(多品牌组合),待核验,"多品牌拼接,需拆分核实",规则推断·未核验
2606,"G FORE,奥尔多（aldo）",待核验(多品牌组合),待核验,"多品牌拼接,需拆分核实",规则推断·未核验
